2026-01-12T10:02:05.349+08:00  INFO 28534 --- [NexRailAI] [restartedMain] c.next.nexrailai.NexRailAiApplication    : Starting NexRailAiApplication using Java 21.0.8 with PID 28534 (/Users/darren/project/nex-rail-ai-full/NexRailAI/target/classes started by darren in /Users/darren/project/nex-rail-ai-full/NexRailAI)
2026-01-12T10:02:05.350+08:00 DEBUG 28534 --- [NexRailAI] [restartedMain] c.next.nexrailai.NexRailAiApplication    : Running with Spring Boot v3.5.9, Spring v6.2.15
2026-01-12T10:02:05.350+08:00  INFO 28534 --- [NexRailAI] [restartedMain] c.next.nexrailai.NexRailAiApplication    : The following 1 profile is active: "dev"
2026-01-12T10:02:05.365+08:00  INFO 28534 --- [NexRailAI] [restartedMain] .e.DevToolsPropertyDefaultsPostProcessor : Devtools property defaults active! Set 'spring.devtools.add-properties' to 'false' to disable
2026-01-12T10:02:05.365+08:00  INFO 28534 --- [NexRailAI] [restartedMain] .e.DevToolsPropertyDefaultsPostProcessor : For additional web related logging consider setting the 'logging.level.web' property to 'DEBUG'
2026-01-12T10:02:05.372+08:00  INFO 28534 --- [NexRailAI] [restartedMain] .s.b.d.c.l.DockerComposeLifecycleManager : Using Docker Compose file /Users/darren/project/nex-rail-ai-full/NexRailAI/compose.yaml
2026-01-12T10:02:05.691+08:00  INFO 28534 --- [NexRailAI] [restartedMain] .s.b.d.c.l.DockerComposeLifecycleManager : There are already Docker Compose services running, skipping startup
2026-01-12T10:02:06.140+08:00  INFO 28534 --- [NexRailAI] [restartedMain] .s.d.r.c.RepositoryConfigurationDelegate : Multiple Spring Data modules found, entering strict repository configuration mode
2026-01-12T10:02:06.141+08:00  INFO 28534 --- [NexRailAI] [restartedMain] .s.d.r.c.RepositoryConfigurationDelegate : Bootstrapping Spring Data JPA repositories in DEFAULT mode.
2026-01-12T10:02:06.202+08:00  INFO 28534 --- [NexRailAI] [restartedMain] .s.d.r.c.RepositoryConfigurationDelegate : Finished Spring Data repository scanning in 57 ms. Found 6 JPA repository interfaces.
2026-01-12T10:02:06.208+08:00  INFO 28534 --- [NexRailAI] [restartedMain] .s.d.r.c.RepositoryConfigurationDelegate : Multiple Spring Data modules found, entering strict repository configuration mode
2026-01-12T10:02:06.208+08:00  INFO 28534 --- [NexRailAI] [restartedMain] .s.d.r.c.RepositoryConfigurationDelegate : Bootstrapping Spring Data Redis repositories in DEFAULT mode.
2026-01-12T10:02:06.216+08:00  INFO 28534 --- [NexRailAI] [restartedMain] .RepositoryConfigurationExtensionSupport : Spring Data Redis - Could not safely identify store assignment for repository candidate interface com.next.nexrailai.jpa.repository.AppUserRepository; If you want this repository to be a Redis repository, consider annotating your entities with one of these annotations: org.springframework.data.redis.core.RedisHash (preferred), or consider extending one of the following types with your repository: org.springframework.data.keyvalue.repository.KeyValueRepository
2026-01-12T10:02:06.216+08:00  INFO 28534 --- [NexRailAI] [restartedMain] .RepositoryConfigurationExtensionSupport : Spring Data Redis - Could not safely identify store assignment for repository candidate interface com.next.nexrailai.jpa.repository.ScheduleTaskRepository; If you want this repository to be a Redis repository, consider annotating your entities with one of these annotations: org.springframework.data.redis.core.RedisHash (preferred), or consider extending one of the following types with your repository: org.springframework.data.keyvalue.repository.KeyValueRepository
2026-01-12T10:02:06.216+08:00  INFO 28534 --- [NexRailAI] [restartedMain] .RepositoryConfigurationExtensionSupport : Spring Data Redis - Could not safely identify store assignment for repository candidate interface com.next.nexrailai.jpa.repository.StationRepository; If you want this repository to be a Redis repository, consider annotating your entities with one of these annotations: org.springframework.data.redis.core.RedisHash (preferred), or consider extending one of the following types with your repository: org.springframework.data.keyvalue.repository.KeyValueRepository
2026-01-12T10:02:06.216+08:00  INFO 28534 --- [NexRailAI] [restartedMain] .RepositoryConfigurationExtensionSupport : Spring Data Redis - Could not safely identify store assignment for repository candidate interface com.next.nexrailai.jpa.repository.SystemAdminRepository; If you want this repository to be a Redis repository, consider annotating your entities with one of these annotations: org.springframework.data.redis.core.RedisHash (preferred), or consider extending one of the following types with your repository: org.springframework.data.keyvalue.repository.KeyValueRepository
2026-01-12T10:02:06.216+08:00  INFO 28534 --- [NexRailAI] [restartedMain] .RepositoryConfigurationExtensionSupport : Spring Data Redis - Could not safely identify store assignment for repository candidate interface com.next.nexrailai.jpa.repository.SystemConfigRepository; If you want this repository to be a Redis repository, consider annotating your entities with one of these annotations: org.springframework.data.redis.core.RedisHash (preferred), or consider extending one of the following types with your repository: org.springframework.data.keyvalue.repository.KeyValueRepository
2026-01-12T10:02:06.217+08:00  INFO 28534 --- [NexRailAI] [restartedMain] .RepositoryConfigurationExtensionSupport : Spring Data Redis - Could not safely identify store assignment for repository candidate interface com.next.nexrailai.jpa.repository.UserMemoryRepository; If you want this repository to be a Redis repository, consider annotating your entities with one of these annotations: org.springframework.data.redis.core.RedisHash (preferred), or consider extending one of the following types with your repository: org.springframework.data.keyvalue.repository.KeyValueRepository
2026-01-12T10:02:06.217+08:00  INFO 28534 --- [NexRailAI] [restartedMain] .s.d.r.c.RepositoryConfigurationDelegate : Finished Spring Data repository scanning in 4 ms. Found 0 Redis repository interfaces.
2026-01-12T10:02:06.458+08:00  INFO 28534 --- [NexRailAI] [restartedMain] o.s.b.w.embedded.tomcat.TomcatWebServer  : Tomcat initialized with port 8089 (http)
2026-01-12T10:02:06.465+08:00  INFO 28534 --- [NexRailAI] [restartedMain] o.apache.catalina.core.StandardService   : Starting service [Tomcat]
2026-01-12T10:02:06.465+08:00  INFO 28534 --- [NexRailAI] [restartedMain] o.apache.catalina.core.StandardEngine    : Starting Servlet engine: [Apache Tomcat/10.1.50]
2026-01-12T10:02:06.488+08:00  INFO 28534 --- [NexRailAI] [restartedMain] o.a.c.c.C.[Tomcat].[localhost].[/]       : Initializing Spring embedded WebApplicationContext
2026-01-12T10:02:06.488+08:00  INFO 28534 --- [NexRailAI] [restartedMain] w.s.c.ServletWebServerApplicationContext : Root WebApplicationContext: initialization completed in 793 ms
2026-01-12T10:02:06.507+08:00  WARN 28534 --- [NexRailAI] [restartedMain] .s.a.m.c.c.a.ChatClientAutoConfiguration : You have enabled logging out the ChatClient completion content with the risk of exposing sensitive or private information. Please, be careful!
2026-01-12T10:02:06.548+08:00  INFO 28534 --- [NexRailAI] [restartedMain] com.zaxxer.hikari.HikariDataSource       : HikariPool-1 - Starting...
2026-01-12T10:02:06.605+08:00  INFO 28534 --- [NexRailAI] [restartedMain] com.zaxxer.hikari.pool.HikariPool        : HikariPool-1 - Added connection org.postgresql.jdbc.PgConnection@4a10f1c9
2026-01-12T10:02:06.606+08:00  INFO 28534 --- [NexRailAI] [restartedMain] com.zaxxer.hikari.HikariDataSource       : HikariPool-1 - Start completed.
2026-01-12T10:02:06.634+08:00  INFO 28534 --- [NexRailAI] [restartedMain] o.hibernate.jpa.internal.util.LogHelper  : HHH000204: Processing PersistenceUnitInfo [name: default]
2026-01-12T10:02:06.649+08:00  INFO 28534 --- [NexRailAI] [restartedMain] org.hibernate.Version                    : HHH000412: Hibernate ORM core version 6.6.39.Final
2026-01-12T10:02:06.661+08:00  INFO 28534 --- [NexRailAI] [restartedMain] o.h.c.internal.RegionFactoryInitiator    : HHH000026: Second-level cache disabled
2026-01-12T10:02:06.749+08:00  INFO 28534 --- [NexRailAI] [restartedMain] o.s.o.j.p.SpringPersistenceUnitInfo      : No LoadTimeWeaver setup: ignoring JPA class transformer
2026-01-12T10:02:06.787+08:00  INFO 28534 --- [NexRailAI] [restartedMain] org.hibernate.orm.connections.pooling    : HHH10001005: Database info:
	Database JDBC URL [Connecting through datasource 'HikariDataSource (HikariPool-1)']
	Database driver: undefined/unknown
	Database version: 15.15
	Autocommit mode: undefined/unknown
	Isolation level: undefined/unknown
	Minimum pool size: undefined/unknown
	Maximum pool size: undefined/unknown
2026-01-12T10:02:07.129+08:00  INFO 28534 --- [NexRailAI] [restartedMain] o.h.e.t.j.p.i.JtaPlatformInitiator       : HHH000489: No JTA platform available (set 'hibernate.transaction.jta.platform' to enable JTA platform integration)
2026-01-12T10:02:07.161+08:00  INFO 28534 --- [NexRailAI] [restartedMain] j.LocalContainerEntityManagerFactoryBean : Initialized JPA EntityManagerFactory for persistence unit 'default'
2026-01-12T10:02:07.261+08:00 DEBUG 28534 --- [NexRailAI] [restartedMain] c.n.n.security.JwtAuthenticationFilter   : Filter 'jwtAuthenticationFilter' configured for use
2026-01-12T10:02:07.506+08:00  INFO 28534 --- [NexRailAI] [restartedMain] c.n.n.service.SystemConfigService        : >>>> [SystemConfig] 初始化系統參數...
2026-01-12T10:02:07.720+08:00  INFO 28534 --- [NexRailAI] [restartedMain] eAuthenticationProviderManagerConfigurer : Global AuthenticationManager configured with AuthenticationProvider bean with name authenticationProvider
2026-01-12T10:02:07.720+08:00  WARN 28534 --- [NexRailAI] [restartedMain] r$InitializeUserDetailsManagerConfigurer : Global AuthenticationManager configured with an AuthenticationProvider bean. UserDetailsService beans will not be used by Spring Security for automatically configuring username/password login. Consider removing the AuthenticationProvider bean. Alternatively, consider using the UserDetailsService in a manually instantiated DaoAuthenticationProvider. If the current configuration is intentional, to turn off this warning, increase the logging level of 'org.springframework.security.config.annotation.authentication.configuration.InitializeUserDetailsBeanManagerConfigurer' to ERROR
2026-01-12T10:02:07.797+08:00  WARN 28534 --- [NexRailAI] [restartedMain] JpaBaseConfiguration$JpaWebConfiguration : spring.jpa.open-in-view is enabled by default. Therefore, database queries may be performed during view rendering. Explicitly configure spring.jpa.open-in-view to disable this warning
2026-01-12T10:02:07.893+08:00  INFO 28534 --- [NexRailAI] [restartedMain] o.s.b.a.e.web.EndpointLinksResolver      : Exposing 1 endpoint beneath base path '/actuator'
2026-01-12T10:02:08.131+08:00  INFO 28534 --- [NexRailAI] [restartedMain] o.s.b.d.a.OptionalLiveReloadServer       : LiveReload server is running on port 35729
2026-01-12T10:02:08.162+08:00  INFO 28534 --- [NexRailAI] [restartedMain] o.s.b.w.embedded.tomcat.TomcatWebServer  : Tomcat started on port 8089 (http) with context path '/'
2026-01-12T10:02:08.176+08:00  INFO 28534 --- [NexRailAI] [restartedMain] c.l.b.s.b.h.s.LineMessageHandlerSupport  : Registered LINE Messaging API event handler: count = 4
2026-01-12T10:02:08.177+08:00  INFO 28534 --- [NexRailAI] [restartedMain] c.l.b.s.b.h.s.LineMessageHandlerSupport  : Mapped "[EventArgumentResolver{klass=class com.linecorp.bot.webhook.model.MessageEvent}]" onto public void com.next.nexrailai.handler.LineBotMessageHandler.handleTextMessageEvent(com.linecorp.bot.webhook.model.MessageEvent)
2026-01-12T10:02:08.177+08:00  INFO 28534 --- [NexRailAI] [restartedMain] c.l.b.s.b.h.s.LineMessageHandlerSupport  : Mapped "[EventArgumentResolver{klass=class com.linecorp.bot.webhook.model.PostbackEvent}]" onto public void com.next.nexrailai.handler.LineBotMessageHandler.handlePostbackEvent(com.linecorp.bot.webhook.model.PostbackEvent)
2026-01-12T10:02:08.177+08:00  INFO 28534 --- [NexRailAI] [restartedMain] c.l.b.s.b.h.s.LineMessageHandlerSupport  : Mapped "[EventArgumentResolver{klass=class com.linecorp.bot.webhook.model.FollowEvent}]" onto public void com.next.nexrailai.handler.LineBotMessageHandler.handleFollowEvent(com.linecorp.bot.webhook.model.FollowEvent)
2026-01-12T10:02:08.177+08:00  INFO 28534 --- [NexRailAI] [restartedMain] c.l.b.s.b.h.s.LineMessageHandlerSupport  : Mapped "[EventArgumentResolver{klass=class com.linecorp.bot.webhook.model.UnfollowEvent}]" onto public void com.next.nexrailai.handler.LineBotMessageHandler.handleUnfollowEvent(com.linecorp.bot.webhook.model.UnfollowEvent)
2026-01-12T10:02:08.178+08:00  INFO 28534 --- [NexRailAI] [restartedMain] c.next.nexrailai.NexRailAiApplication    : Started NexRailAiApplication in 2.994 seconds (process running for 3.367)
2026-01-12T10:02:08.351+08:00  INFO 28534 --- [NexRailAI] [scheduling-1] c.next.nexrailai.scheduled.CacheMonitor  : ===== Cache 統計 =====
2026-01-12T10:02:08.352+08:00  INFO 28534 --- [NexRailAI] [scheduling-1] c.next.nexrailai.scheduled.CacheMonitor  : 時刻表 Cache 數量: 0
2026-01-12T10:02:08.352+08:00  INFO 28534 --- [NexRailAI] [scheduling-1] c.next.nexrailai.scheduled.CacheMonitor  : 票價 Cache 數量: 3
2026-01-12T10:02:08.352+08:00  INFO 28534 --- [NexRailAI] [scheduling-1] c.next.nexrailai.scheduled.CacheMonitor  : =====================
2026-01-12T10:02:08.556+08:00  INFO 28534 --- [NexRailAI] [RMI TCP Connection(2)-127.0.0.1] o.a.c.c.C.[Tomcat].[localhost].[/]       : Initializing Spring DispatcherServlet 'dispatcherServlet'
2026-01-12T10:02:08.556+08:00  INFO 28534 --- [NexRailAI] [RMI TCP Connection(2)-127.0.0.1] o.s.web.servlet.DispatcherServlet        : Initializing Servlet 'dispatcherServlet'
2026-01-12T10:02:08.557+08:00  INFO 28534 --- [NexRailAI] [RMI TCP Connection(2)-127.0.0.1] o.s.web.servlet.DispatcherServlet        : Completed initialization in 1 ms
2026-01-12T10:07:08.191+08:00  INFO 28534 --- [NexRailAI] [scheduling-1] c.next.nexrailai.scheduled.CacheMonitor  : ===== Cache 統計 =====
2026-01-12T10:07:08.193+08:00  INFO 28534 --- [NexRailAI] [scheduling-1] c.next.nexrailai.scheduled.CacheMonitor  : 時刻表 Cache 數量: 0
2026-01-12T10:07:08.193+08:00  INFO 28534 --- [NexRailAI] [scheduling-1] c.next.nexrailai.scheduled.CacheMonitor  : 票價 Cache 數量: 3
2026-01-12T10:07:08.193+08:00  INFO 28534 --- [NexRailAI] [scheduling-1] c.next.nexrailai.scheduled.CacheMonitor  : =====================
2026-01-12T10:12:08.177+08:00  INFO 28534 --- [NexRailAI] [scheduling-1] c.next.nexrailai.scheduled.CacheMonitor  : ===== Cache 統計 =====
2026-01-12T10:12:08.178+08:00  INFO 28534 --- [NexRailAI] [scheduling-1] c.next.nexrailai.scheduled.CacheMonitor  : 時刻表 Cache 數量: 0
2026-01-12T10:12:08.178+08:00  INFO 28534 --- [NexRailAI] [scheduling-1] c.next.nexrailai.scheduled.CacheMonitor  : 票價 Cache 數量: 3
2026-01-12T10:12:08.178+08:00  INFO 28534 --- [NexRailAI] [scheduling-1] c.next.nexrailai.scheduled.CacheMonitor  : =====================
2026-01-12T10:16:26.225+08:00  INFO 28534 --- [NexRailAI] [File Watcher] rtingClassPathChangeChangedEventListener : Restarting due to 10 class path changes (0 additions, 0 deletions, 10 modifications)
2026-01-12T10:16:26.236+08:00  INFO 28534 --- [NexRailAI] [Thread-17] o.s.b.w.e.tomcat.GracefulShutdown        : Commencing graceful shutdown. Waiting for active requests to complete
2026-01-12T10:16:26.239+08:00  INFO 28534 --- [NexRailAI] [tomcat-shutdown] o.s.b.w.e.tomcat.GracefulShutdown        : Graceful shutdown complete
2026-01-12T10:16:26.262+08:00  INFO 28534 --- [NexRailAI] [Thread-17] j.LocalContainerEntityManagerFactoryBean : Closing JPA EntityManagerFactory for persistence unit 'default'
2026-01-12T10:16:26.266+08:00  INFO 28534 --- [NexRailAI] [Thread-17] com.zaxxer.hikari.HikariDataSource       : HikariPool-1 - Shutdown initiated...
2026-01-12T10:16:26.268+08:00  INFO 28534 --- [NexRailAI] [Thread-17] com.zaxxer.hikari.HikariDataSource       : HikariPool-1 - Shutdown completed.
2026-01-12T10:16:26.365+08:00  INFO 28534 --- [NexRailAI] [restartedMain] c.next.nexrailai.NexRailAiApplication    : Starting NexRailAiApplication using Java 21.0.8 with PID 28534 (/Users/darren/project/nex-rail-ai-full/NexRailAI/target/classes started by darren in /Users/darren/project/nex-rail-ai-full/NexRailAI)
2026-01-12T10:16:26.365+08:00 DEBUG 28534 --- [NexRailAI] [restartedMain] c.next.nexrailai.NexRailAiApplication    : Running with Spring Boot v3.5.9, Spring v6.2.15
2026-01-12T10:16:26.365+08:00  INFO 28534 --- [NexRailAI] [restartedMain] c.next.nexrailai.NexRailAiApplication    : The following 1 profile is active: "dev"
2026-01-12T10:16:26.368+08:00  INFO 28534 --- [NexRailAI] [restartedMain] .s.b.d.c.l.DockerComposeLifecycleManager : Using Docker Compose file /Users/darren/project/nex-rail-ai-full/NexRailAI/compose.yaml
2026-01-12T10:16:26.658+08:00  INFO 28534 --- [NexRailAI] [restartedMain] .s.b.d.c.l.DockerComposeLifecycleManager : There are already Docker Compose services running, skipping startup
2026-01-12T10:16:26.807+08:00  INFO 28534 --- [NexRailAI] [restartedMain] .s.d.r.c.RepositoryConfigurationDelegate : Multiple Spring Data modules found, entering strict repository configuration mode
2026-01-12T10:16:26.807+08:00  INFO 28534 --- [NexRailAI] [restartedMain] .s.d.r.c.RepositoryConfigurationDelegate : Bootstrapping Spring Data JPA repositories in DEFAULT mode.
2026-01-12T10:16:26.823+08:00  INFO 28534 --- [NexRailAI] [restartedMain] .s.d.r.c.RepositoryConfigurationDelegate : Finished Spring Data repository scanning in 14 ms. Found 6 JPA repository interfaces.
2026-01-12T10:16:26.824+08:00  INFO 28534 --- [NexRailAI] [restartedMain] .s.d.r.c.RepositoryConfigurationDelegate : Multiple Spring Data modules found, entering strict repository configuration mode
2026-01-12T10:16:26.824+08:00  INFO 28534 --- [NexRailAI] [restartedMain] .s.d.r.c.RepositoryConfigurationDelegate : Bootstrapping Spring Data Redis repositories in DEFAULT mode.
2026-01-12T10:16:26.829+08:00  INFO 28534 --- [NexRailAI] [restartedMain] .RepositoryConfigurationExtensionSupport : Spring Data Redis - Could not safely identify store assignment for repository candidate interface com.next.nexrailai.jpa.repository.AppUserRepository; If you want this repository to be a Redis repository, consider annotating your entities with one of these annotations: org.springframework.data.redis.core.RedisHash (preferred), or consider extending one of the following types with your repository: org.springframework.data.keyvalue.repository.KeyValueRepository
2026-01-12T10:16:26.829+08:00  INFO 28534 --- [NexRailAI] [restartedMain] .RepositoryConfigurationExtensionSupport : Spring Data Redis - Could not safely identify store assignment for repository candidate interface com.next.nexrailai.jpa.repository.ScheduleTaskRepository; If you want this repository to be a Redis repository, consider annotating your entities with one of these annotations: org.springframework.data.redis.core.RedisHash (preferred), or consider extending one of the following types with your repository: org.springframework.data.keyvalue.repository.KeyValueRepository
2026-01-12T10:16:26.829+08:00  INFO 28534 --- [NexRailAI] [restartedMain] .RepositoryConfigurationExtensionSupport : Spring Data Redis - Could not safely identify store assignment for repository candidate interface com.next.nexrailai.jpa.repository.StationRepository; If you want this repository to be a Redis repository, consider annotating your entities with one of these annotations: org.springframework.data.redis.core.RedisHash (preferred), or consider extending one of the following types with your repository: org.springframework.data.keyvalue.repository.KeyValueRepository
2026-01-12T10:16:26.829+08:00  INFO 28534 --- [NexRailAI] [restartedMain] .RepositoryConfigurationExtensionSupport : Spring Data Redis - Could not safely identify store assignment for repository candidate interface com.next.nexrailai.jpa.repository.SystemAdminRepository; If you want this repository to be a Redis repository, consider annotating your entities with one of these annotations: org.springframework.data.redis.core.RedisHash (preferred), or consider extending one of the following types with your repository: org.springframework.data.keyvalue.repository.KeyValueRepository
2026-01-12T10:16:26.829+08:00  INFO 28534 --- [NexRailAI] [restartedMain] .RepositoryConfigurationExtensionSupport : Spring Data Redis - Could not safely identify store assignment for repository candidate interface com.next.nexrailai.jpa.repository.SystemConfigRepository; If you want this repository to be a Redis repository, consider annotating your entities with one of these annotations: org.springframework.data.redis.core.RedisHash (preferred), or consider extending one of the following types with your repository: org.springframework.data.keyvalue.repository.KeyValueRepository
2026-01-12T10:16:26.829+08:00  INFO 28534 --- [NexRailAI] [restartedMain] .RepositoryConfigurationExtensionSupport : Spring Data Redis - Could not safely identify store assignment for repository candidate interface com.next.nexrailai.jpa.repository.UserMemoryRepository; If you want this repository to be a Redis repository, consider annotating your entities with one of these annotations: org.springframework.data.redis.core.RedisHash (preferred), or consider extending one of the following types with your repository: org.springframework.data.keyvalue.repository.KeyValueRepository
2026-01-12T10:16:26.829+08:00  INFO 28534 --- [NexRailAI] [restartedMain] .s.d.r.c.RepositoryConfigurationDelegate : Finished Spring Data repository scanning in 4 ms. Found 0 Redis repository interfaces.
2026-01-12T10:16:26.890+08:00  INFO 28534 --- [NexRailAI] [restartedMain] o.s.b.w.embedded.tomcat.TomcatWebServer  : Tomcat initialized with port 8089 (http)
2026-01-12T10:16:26.891+08:00  INFO 28534 --- [NexRailAI] [restartedMain] o.apache.catalina.core.StandardService   : Starting service [Tomcat]
2026-01-12T10:16:26.891+08:00  INFO 28534 --- [NexRailAI] [restartedMain] o.apache.catalina.core.StandardEngine    : Starting Servlet engine: [Apache Tomcat/10.1.50]
2026-01-12T10:16:26.909+08:00  INFO 28534 --- [NexRailAI] [restartedMain] o.a.c.c.C.[Tomcat].[localhost].[/]       : Initializing Spring embedded WebApplicationContext
2026-01-12T10:16:26.909+08:00  INFO 28534 --- [NexRailAI] [restartedMain] w.s.c.ServletWebServerApplicationContext : Root WebApplicationContext: initialization completed in 250 ms
2026-01-12T10:16:26.915+08:00  WARN 28534 --- [NexRailAI] [restartedMain] .s.a.m.c.c.a.ChatClientAutoConfiguration : You have enabled logging out the ChatClient completion content with the risk of exposing sensitive or private information. Please, be careful!
2026-01-12T10:16:26.935+08:00  INFO 28534 --- [NexRailAI] [restartedMain] com.zaxxer.hikari.HikariDataSource       : HikariPool-2 - Starting...
2026-01-12T10:16:26.952+08:00  INFO 28534 --- [NexRailAI] [restartedMain] com.zaxxer.hikari.pool.HikariPool        : HikariPool-2 - Added connection org.postgresql.jdbc.PgConnection@2a0c4407
2026-01-12T10:16:26.953+08:00  INFO 28534 --- [NexRailAI] [restartedMain] com.zaxxer.hikari.HikariDataSource       : HikariPool-2 - Start completed.
2026-01-12T10:16:26.962+08:00  INFO 28534 --- [NexRailAI] [restartedMain] o.hibernate.jpa.internal.util.LogHelper  : HHH000204: Processing PersistenceUnitInfo [name: default]
2026-01-12T10:16:26.963+08:00  INFO 28534 --- [NexRailAI] [restartedMain] o.h.c.internal.RegionFactoryInitiator    : HHH000026: Second-level cache disabled
2026-01-12T10:16:26.967+08:00  INFO 28534 --- [NexRailAI] [restartedMain] o.s.o.j.p.SpringPersistenceUnitInfo      : No LoadTimeWeaver setup: ignoring JPA class transformer
2026-01-12T10:16:26.973+08:00  INFO 28534 --- [NexRailAI] [restartedMain] org.hibernate.orm.connections.pooling    : HHH10001005: Database info:
	Database JDBC URL [Connecting through datasource 'HikariDataSource (HikariPool-2)']
	Database driver: undefined/unknown
	Database version: 15.15
	Autocommit mode: undefined/unknown
	Isolation level: undefined/unknown
	Minimum pool size: undefined/unknown
	Maximum pool size: undefined/unknown
2026-01-12T10:16:27.036+08:00  INFO 28534 --- [NexRailAI] [restartedMain] o.h.e.t.j.p.i.JtaPlatformInitiator       : HHH000489: No JTA platform available (set 'hibernate.transaction.jta.platform' to enable JTA platform integration)
2026-01-12T10:16:27.062+08:00  INFO 28534 --- [NexRailAI] [restartedMain] j.LocalContainerEntityManagerFactoryBean : Initialized JPA EntityManagerFactory for persistence unit 'default'
2026-01-12T10:16:27.089+08:00 DEBUG 28534 --- [NexRailAI] [restartedMain] c.n.n.security.JwtAuthenticationFilter   : Filter 'jwtAuthenticationFilter' configured for use
2026-01-12T10:16:27.130+08:00  INFO 28534 --- [NexRailAI] [restartedMain] c.n.n.service.SystemConfigService        : >>>> [SystemConfig] 初始化系統參數...
2026-01-12T10:16:27.167+08:00  INFO 28534 --- [NexRailAI] [restartedMain] eAuthenticationProviderManagerConfigurer : Global AuthenticationManager configured with AuthenticationProvider bean with name authenticationProvider
2026-01-12T10:16:27.167+08:00  WARN 28534 --- [NexRailAI] [restartedMain] r$InitializeUserDetailsManagerConfigurer : Global AuthenticationManager configured with an AuthenticationProvider bean. UserDetailsService beans will not be used by Spring Security for automatically configuring username/password login. Consider removing the AuthenticationProvider bean. Alternatively, consider using the UserDetailsService in a manually instantiated DaoAuthenticationProvider. If the current configuration is intentional, to turn off this warning, increase the logging level of 'org.springframework.security.config.annotation.authentication.configuration.InitializeUserDetailsBeanManagerConfigurer' to ERROR
2026-01-12T10:16:27.199+08:00  WARN 28534 --- [NexRailAI] [restartedMain] JpaBaseConfiguration$JpaWebConfiguration : spring.jpa.open-in-view is enabled by default. Therefore, database queries may be performed during view rendering. Explicitly configure spring.jpa.open-in-view to disable this warning
2026-01-12T10:16:27.248+08:00  INFO 28534 --- [NexRailAI] [restartedMain] o.s.b.a.e.web.EndpointLinksResolver      : Exposing 1 endpoint beneath base path '/actuator'
2026-01-12T10:16:27.325+08:00  INFO 28534 --- [NexRailAI] [restartedMain] o.s.b.d.a.OptionalLiveReloadServer       : LiveReload server is running on port 35729
2026-01-12T10:16:27.335+08:00  INFO 28534 --- [NexRailAI] [restartedMain] o.s.b.w.embedded.tomcat.TomcatWebServer  : Tomcat started on port 8089 (http) with context path '/'
2026-01-12T10:16:27.344+08:00  INFO 28534 --- [NexRailAI] [restartedMain] c.l.b.s.b.h.s.LineMessageHandlerSupport  : Registered LINE Messaging API event handler: count = 4
2026-01-12T10:16:27.344+08:00  INFO 28534 --- [NexRailAI] [restartedMain] c.l.b.s.b.h.s.LineMessageHandlerSupport  : Mapped "[EventArgumentResolver{klass=class com.linecorp.bot.webhook.model.MessageEvent}]" onto public void com.next.nexrailai.handler.LineBotMessageHandler.handleTextMessageEvent(com.linecorp.bot.webhook.model.MessageEvent)
2026-01-12T10:16:27.344+08:00  INFO 28534 --- [NexRailAI] [restartedMain] c.l.b.s.b.h.s.LineMessageHandlerSupport  : Mapped "[EventArgumentResolver{klass=class com.linecorp.bot.webhook.model.PostbackEvent}]" onto public void com.next.nexrailai.handler.LineBotMessageHandler.handlePostbackEvent(com.linecorp.bot.webhook.model.PostbackEvent)
2026-01-12T10:16:27.345+08:00  INFO 28534 --- [NexRailAI] [restartedMain] c.l.b.s.b.h.s.LineMessageHandlerSupport  : Mapped "[EventArgumentResolver{klass=class com.linecorp.bot.webhook.model.FollowEvent}]" onto public void com.next.nexrailai.handler.LineBotMessageHandler.handleFollowEvent(com.linecorp.bot.webhook.model.FollowEvent)
2026-01-12T10:16:27.345+08:00  INFO 28534 --- [NexRailAI] [restartedMain] c.l.b.s.b.h.s.LineMessageHandlerSupport  : Mapped "[EventArgumentResolver{klass=class com.linecorp.bot.webhook.model.UnfollowEvent}]" onto public void com.next.nexrailai.handler.LineBotMessageHandler.handleUnfollowEvent(com.linecorp.bot.webhook.model.UnfollowEvent)
2026-01-12T10:16:27.345+08:00  INFO 28534 --- [NexRailAI] [restartedMain] c.next.nexrailai.NexRailAiApplication    : Started NexRailAiApplication in 1.011 seconds (process running for 862.536)
2026-01-12T10:16:27.351+08:00  INFO 28534 --- [NexRailAI] [restartedMain] .ConditionEvaluationDeltaLoggingListener : Condition evaluation unchanged
2026-01-12T10:16:27.361+08:00  INFO 28534 --- [NexRailAI] [scheduling-1] c.next.nexrailai.scheduled.CacheMonitor  : ===== Cache 統計 =====
2026-01-12T10:16:27.361+08:00  INFO 28534 --- [NexRailAI] [scheduling-1] c.next.nexrailai.scheduled.CacheMonitor  : 時刻表 Cache 數量: 0
2026-01-12T10:16:27.361+08:00  INFO 28534 --- [NexRailAI] [scheduling-1] c.next.nexrailai.scheduled.CacheMonitor  : 票價 Cache 數量: 3
2026-01-12T10:16:27.361+08:00  INFO 28534 --- [NexRailAI] [scheduling-1] c.next.nexrailai.scheduled.CacheMonitor  : =====================
2026-01-12T10:19:14.625+08:00  INFO 28534 --- [NexRailAI] [File Watcher] rtingClassPathChangeChangedEventListener : Restarting due to 10 class path changes (0 additions, 10 deletions, 0 modifications)
2026-01-12T10:19:14.626+08:00  INFO 28534 --- [NexRailAI] [Thread-19] o.s.b.w.e.tomcat.GracefulShutdown        : Commencing graceful shutdown. Waiting for active requests to complete
2026-01-12T10:19:14.627+08:00  INFO 28534 --- [NexRailAI] [tomcat-shutdown] o.s.b.w.e.tomcat.GracefulShutdown        : Graceful shutdown complete
2026-01-12T10:19:14.631+08:00  INFO 28534 --- [NexRailAI] [Thread-19] j.LocalContainerEntityManagerFactoryBean : Closing JPA EntityManagerFactory for persistence unit 'default'
2026-01-12T10:19:14.631+08:00  INFO 28534 --- [NexRailAI] [Thread-19] com.zaxxer.hikari.HikariDataSource       : HikariPool-2 - Shutdown initiated...
2026-01-12T10:19:14.632+08:00  INFO 28534 --- [NexRailAI] [Thread-19] com.zaxxer.hikari.HikariDataSource       : HikariPool-2 - Shutdown completed.
2026-01-12T10:19:14.694+08:00  INFO 28534 --- [NexRailAI] [restartedMain] c.next.nexrailai.NexRailAiApplication    : Starting NexRailAiApplication using Java 21.0.8 with PID 28534 (/Users/darren/project/nex-rail-ai-full/NexRailAI/target/classes started by darren in /Users/darren/project/nex-rail-ai-full/NexRailAI)
2026-01-12T10:19:14.695+08:00 DEBUG 28534 --- [NexRailAI] [restartedMain] c.next.nexrailai.NexRailAiApplication    : Running with Spring Boot v3.5.9, Spring v6.2.15
2026-01-12T10:19:14.695+08:00  INFO 28534 --- [NexRailAI] [restartedMain] c.next.nexrailai.NexRailAiApplication    : The following 1 profile is active: "dev"
2026-01-12T10:19:14.696+08:00  INFO 28534 --- [NexRailAI] [restartedMain] .s.b.d.c.l.DockerComposeLifecycleManager : Using Docker Compose file /Users/darren/project/nex-rail-ai-full/NexRailAI/compose.yaml
2026-01-12T10:19:14.888+08:00  INFO 28534 --- [NexRailAI] [restartedMain] .s.b.d.c.l.DockerComposeLifecycleManager : There are already Docker Compose services running, skipping startup
2026-01-12T10:19:15.036+08:00  INFO 28534 --- [NexRailAI] [restartedMain] .s.d.r.c.RepositoryConfigurationDelegate : Multiple Spring Data modules found, entering strict repository configuration mode
2026-01-12T10:19:15.036+08:00  INFO 28534 --- [NexRailAI] [restartedMain] .s.d.r.c.RepositoryConfigurationDelegate : Bootstrapping Spring Data JPA repositories in DEFAULT mode.
2026-01-12T10:19:15.048+08:00  INFO 28534 --- [NexRailAI] [restartedMain] .s.d.r.c.RepositoryConfigurationDelegate : Finished Spring Data repository scanning in 11 ms. Found 6 JPA repository interfaces.
2026-01-12T10:19:15.049+08:00  INFO 28534 --- [NexRailAI] [restartedMain] .s.d.r.c.RepositoryConfigurationDelegate : Multiple Spring Data modules found, entering strict repository configuration mode
2026-01-12T10:19:15.049+08:00  INFO 28534 --- [NexRailAI] [restartedMain] .s.d.r.c.RepositoryConfigurationDelegate : Bootstrapping Spring Data Redis repositories in DEFAULT mode.
2026-01-12T10:19:15.053+08:00  INFO 28534 --- [NexRailAI] [restartedMain] .RepositoryConfigurationExtensionSupport : Spring Data Redis - Could not safely identify store assignment for repository candidate interface com.next.nexrailai.jpa.repository.AppUserRepository; If you want this repository to be a Redis repository, consider annotating your entities with one of these annotations: org.springframework.data.redis.core.RedisHash (preferred), or consider extending one of the following types with your repository: org.springframework.data.keyvalue.repository.KeyValueRepository
2026-01-12T10:19:15.053+08:00  INFO 28534 --- [NexRailAI] [restartedMain] .RepositoryConfigurationExtensionSupport : Spring Data Redis - Could not safely identify store assignment for repository candidate interface com.next.nexrailai.jpa.repository.ScheduleTaskRepository; If you want this repository to be a Redis repository, consider annotating your entities with one of these annotations: org.springframework.data.redis.core.RedisHash (preferred), or consider extending one of the following types with your repository: org.springframework.data.keyvalue.repository.KeyValueRepository
2026-01-12T10:19:15.053+08:00  INFO 28534 --- [NexRailAI] [restartedMain] .RepositoryConfigurationExtensionSupport : Spring Data Redis - Could not safely identify store assignment for repository candidate interface com.next.nexrailai.jpa.repository.StationRepository; If you want this repository to be a Redis repository, consider annotating your entities with one of these annotations: org.springframework.data.redis.core.RedisHash (preferred), or consider extending one of the following types with your repository: org.springframework.data.keyvalue.repository.KeyValueRepository
2026-01-12T10:19:15.053+08:00  INFO 28534 --- [NexRailAI] [restartedMain] .RepositoryConfigurationExtensionSupport : Spring Data Redis - Could not safely identify store assignment for repository candidate interface com.next.nexrailai.jpa.repository.SystemAdminRepository; If you want this repository to be a Redis repository, consider annotating your entities with one of these annotations: org.springframework.data.redis.core.RedisHash (preferred), or consider extending one of the following types with your repository: org.springframework.data.keyvalue.repository.KeyValueRepository
2026-01-12T10:19:15.053+08:00  INFO 28534 --- [NexRailAI] [restartedMain] .RepositoryConfigurationExtensionSupport : Spring Data Redis - Could not safely identify store assignment for repository candidate interface com.next.nexrailai.jpa.repository.SystemConfigRepository; If you want this repository to be a Redis repository, consider annotating your entities with one of these annotations: org.springframework.data.redis.core.RedisHash (preferred), or consider extending one of the following types with your repository: org.springframework.data.keyvalue.repository.KeyValueRepository
2026-01-12T10:19:15.053+08:00  INFO 28534 --- [NexRailAI] [restartedMain] .RepositoryConfigurationExtensionSupport : Spring Data Redis - Could not safely identify store assignment for repository candidate interface com.next.nexrailai.jpa.repository.UserMemoryRepository; If you want this repository to be a Redis repository, consider annotating your entities with one of these annotations: org.springframework.data.redis.core.RedisHash (preferred), or consider extending one of the following types with your repository: org.springframework.data.keyvalue.repository.KeyValueRepository
2026-01-12T10:19:15.053+08:00  INFO 28534 --- [NexRailAI] [restartedMain] .s.d.r.c.RepositoryConfigurationDelegate : Finished Spring Data repository scanning in 3 ms. Found 0 Redis repository interfaces.
2026-01-12T10:19:15.109+08:00  INFO 28534 --- [NexRailAI] [restartedMain] o.s.b.w.embedded.tomcat.TomcatWebServer  : Tomcat initialized with port 8089 (http)
2026-01-12T10:19:15.110+08:00  INFO 28534 --- [NexRailAI] [restartedMain] o.apache.catalina.core.StandardService   : Starting service [Tomcat]
2026-01-12T10:19:15.110+08:00  INFO 28534 --- [NexRailAI] [restartedMain] o.apache.catalina.core.StandardEngine    : Starting Servlet engine: [Apache Tomcat/10.1.50]
2026-01-12T10:19:15.128+08:00  INFO 28534 --- [NexRailAI] [restartedMain] o.a.c.c.C.[Tomcat].[localhost].[/]       : Initializing Spring embedded WebApplicationContext
2026-01-12T10:19:15.128+08:00  INFO 28534 --- [NexRailAI] [restartedMain] w.s.c.ServletWebServerApplicationContext : Root WebApplicationContext: initialization completed in 238 ms
2026-01-12T10:19:15.134+08:00  WARN 28534 --- [NexRailAI] [restartedMain] .s.a.m.c.c.a.ChatClientAutoConfiguration : You have enabled logging out the ChatClient completion content with the risk of exposing sensitive or private information. Please, be careful!
2026-01-12T10:19:15.151+08:00  INFO 28534 --- [NexRailAI] [restartedMain] com.zaxxer.hikari.HikariDataSource       : HikariPool-3 - Starting...
2026-01-12T10:19:15.169+08:00  INFO 28534 --- [NexRailAI] [restartedMain] com.zaxxer.hikari.pool.HikariPool        : HikariPool-3 - Added connection org.postgresql.jdbc.PgConnection@445a8a76
2026-01-12T10:19:15.169+08:00  INFO 28534 --- [NexRailAI] [restartedMain] com.zaxxer.hikari.HikariDataSource       : HikariPool-3 - Start completed.
2026-01-12T10:19:15.177+08:00  INFO 28534 --- [NexRailAI] [restartedMain] o.hibernate.jpa.internal.util.LogHelper  : HHH000204: Processing PersistenceUnitInfo [name: default]
2026-01-12T10:19:15.178+08:00  INFO 28534 --- [NexRailAI] [restartedMain] o.h.c.internal.RegionFactoryInitiator    : HHH000026: Second-level cache disabled
2026-01-12T10:19:15.180+08:00  INFO 28534 --- [NexRailAI] [restartedMain] o.s.o.j.p.SpringPersistenceUnitInfo      : No LoadTimeWeaver setup: ignoring JPA class transformer
2026-01-12T10:19:15.184+08:00  INFO 28534 --- [NexRailAI] [restartedMain] org.hibernate.orm.connections.pooling    : HHH10001005: Database info:
	Database JDBC URL [Connecting through datasource 'HikariDataSource (HikariPool-3)']
	Database driver: undefined/unknown
	Database version: 15.15
	Autocommit mode: undefined/unknown
	Isolation level: undefined/unknown
	Minimum pool size: undefined/unknown
	Maximum pool size: undefined/unknown
2026-01-12T10:19:15.244+08:00  INFO 28534 --- [NexRailAI] [restartedMain] o.h.e.t.j.p.i.JtaPlatformInitiator       : HHH000489: No JTA platform available (set 'hibernate.transaction.jta.platform' to enable JTA platform integration)
2026-01-12T10:19:15.270+08:00  INFO 28534 --- [NexRailAI] [restartedMain] j.LocalContainerEntityManagerFactoryBean : Initialized JPA EntityManagerFactory for persistence unit 'default'
2026-01-12T10:19:15.291+08:00 DEBUG 28534 --- [NexRailAI] [restartedMain] c.n.n.security.JwtAuthenticationFilter   : Filter 'jwtAuthenticationFilter' configured for use
2026-01-12T10:19:15.328+08:00  INFO 28534 --- [NexRailAI] [restartedMain] c.n.n.service.SystemConfigService        : >>>> [SystemConfig] 初始化系統參數...
2026-01-12T10:19:15.361+08:00  INFO 28534 --- [NexRailAI] [restartedMain] eAuthenticationProviderManagerConfigurer : Global AuthenticationManager configured with AuthenticationProvider bean with name authenticationProvider
2026-01-12T10:19:15.361+08:00  WARN 28534 --- [NexRailAI] [restartedMain] r$InitializeUserDetailsManagerConfigurer : Global AuthenticationManager configured with an AuthenticationProvider bean. UserDetailsService beans will not be used by Spring Security for automatically configuring username/password login. Consider removing the AuthenticationProvider bean. Alternatively, consider using the UserDetailsService in a manually instantiated DaoAuthenticationProvider. If the current configuration is intentional, to turn off this warning, increase the logging level of 'org.springframework.security.config.annotation.authentication.configuration.InitializeUserDetailsBeanManagerConfigurer' to ERROR
2026-01-12T10:19:15.393+08:00  WARN 28534 --- [NexRailAI] [restartedMain] JpaBaseConfiguration$JpaWebConfiguration : spring.jpa.open-in-view is enabled by default. Therefore, database queries may be performed during view rendering. Explicitly configure spring.jpa.open-in-view to disable this warning
2026-01-12T10:19:15.436+08:00  INFO 28534 --- [NexRailAI] [restartedMain] o.s.b.a.e.web.EndpointLinksResolver      : Exposing 1 endpoint beneath base path '/actuator'
2026-01-12T10:19:15.504+08:00  INFO 28534 --- [NexRailAI] [restartedMain] o.s.b.d.a.OptionalLiveReloadServer       : LiveReload server is running on port 35729
2026-01-12T10:19:15.513+08:00  INFO 28534 --- [NexRailAI] [restartedMain] o.s.b.w.embedded.tomcat.TomcatWebServer  : Tomcat started on port 8089 (http) with context path '/'
2026-01-12T10:19:15.524+08:00  INFO 28534 --- [NexRailAI] [restartedMain] c.l.b.s.b.h.s.LineMessageHandlerSupport  : Registered LINE Messaging API event handler: count = 4
2026-01-12T10:19:15.524+08:00  INFO 28534 --- [NexRailAI] [restartedMain] c.l.b.s.b.h.s.LineMessageHandlerSupport  : Mapped "[EventArgumentResolver{klass=class com.linecorp.bot.webhook.model.MessageEvent}]" onto public void com.next.nexrailai.handler.LineBotMessageHandler.handleTextMessageEvent(com.linecorp.bot.webhook.model.MessageEvent)
2026-01-12T10:19:15.524+08:00  INFO 28534 --- [NexRailAI] [restartedMain] c.l.b.s.b.h.s.LineMessageHandlerSupport  : Mapped "[EventArgumentResolver{klass=class com.linecorp.bot.webhook.model.PostbackEvent}]" onto public void com.next.nexrailai.handler.LineBotMessageHandler.handlePostbackEvent(com.linecorp.bot.webhook.model.PostbackEvent)
2026-01-12T10:19:15.524+08:00  INFO 28534 --- [NexRailAI] [restartedMain] c.l.b.s.b.h.s.LineMessageHandlerSupport  : Mapped "[EventArgumentResolver{klass=class com.linecorp.bot.webhook.model.FollowEvent}]" onto public void com.next.nexrailai.handler.LineBotMessageHandler.handleFollowEvent(com.linecorp.bot.webhook.model.FollowEvent)
2026-01-12T10:19:15.524+08:00  INFO 28534 --- [NexRailAI] [restartedMain] c.l.b.s.b.h.s.LineMessageHandlerSupport  : Mapped "[EventArgumentResolver{klass=class com.linecorp.bot.webhook.model.UnfollowEvent}]" onto public void com.next.nexrailai.handler.LineBotMessageHandler.handleUnfollowEvent(com.linecorp.bot.webhook.model.UnfollowEvent)
2026-01-12T10:19:15.524+08:00  INFO 28534 --- [NexRailAI] [restartedMain] c.next.nexrailai.NexRailAiApplication    : Started NexRailAiApplication in 0.846 seconds (process running for 1030.714)
2026-01-12T10:19:15.529+08:00  INFO 28534 --- [NexRailAI] [restartedMain] .ConditionEvaluationDeltaLoggingListener : Condition evaluation unchanged
2026-01-12T10:19:15.539+08:00  INFO 28534 --- [NexRailAI] [scheduling-1] c.next.nexrailai.scheduled.CacheMonitor  : ===== Cache 統計 =====
2026-01-12T10:19:15.540+08:00  INFO 28534 --- [NexRailAI] [scheduling-1] c.next.nexrailai.scheduled.CacheMonitor  : 時刻表 Cache 數量: 0
2026-01-12T10:19:15.540+08:00  INFO 28534 --- [NexRailAI] [scheduling-1] c.next.nexrailai.scheduled.CacheMonitor  : 票價 Cache 數量: 3
2026-01-12T10:19:15.540+08:00  INFO 28534 --- [NexRailAI] [scheduling-1] c.next.nexrailai.scheduled.CacheMonitor  : =====================
2026-01-12T10:19:16.942+08:00  INFO 28534 --- [NexRailAI] [File Watcher] rtingClassPathChangeChangedEventListener : Restarting due to 10 class path changes (10 additions, 0 deletions, 0 modifications)
2026-01-12T10:19:16.944+08:00  INFO 28534 --- [NexRailAI] [Thread-31] o.s.b.w.e.tomcat.GracefulShutdown        : Commencing graceful shutdown. Waiting for active requests to complete
2026-01-12T10:19:16.947+08:00  INFO 28534 --- [NexRailAI] [tomcat-shutdown] o.s.b.w.e.tomcat.GracefulShutdown        : Graceful shutdown complete
2026-01-12T10:19:16.953+08:00  INFO 28534 --- [NexRailAI] [Thread-31] j.LocalContainerEntityManagerFactoryBean : Closing JPA EntityManagerFactory for persistence unit 'default'
2026-01-12T10:19:16.954+08:00  INFO 28534 --- [NexRailAI] [Thread-31] com.zaxxer.hikari.HikariDataSource       : HikariPool-3 - Shutdown initiated...
2026-01-12T10:19:16.956+08:00  INFO 28534 --- [NexRailAI] [Thread-31] com.zaxxer.hikari.HikariDataSource       : HikariPool-3 - Shutdown completed.
2026-01-12T10:19:17.029+08:00  INFO 28534 --- [NexRailAI] [restartedMain] c.next.nexrailai.NexRailAiApplication    : Starting NexRailAiApplication using Java 21.0.8 with PID 28534 (/Users/darren/project/nex-rail-ai-full/NexRailAI/target/classes started by darren in /Users/darren/project/nex-rail-ai-full/NexRailAI)
2026-01-12T10:19:17.029+08:00 DEBUG 28534 --- [NexRailAI] [restartedMain] c.next.nexrailai.NexRailAiApplication    : Running with Spring Boot v3.5.9, Spring v6.2.15
2026-01-12T10:19:17.029+08:00  INFO 28534 --- [NexRailAI] [restartedMain] c.next.nexrailai.NexRailAiApplication    : The following 1 profile is active: "dev"
2026-01-12T10:19:17.030+08:00  INFO 28534 --- [NexRailAI] [restartedMain] .s.b.d.c.l.DockerComposeLifecycleManager : Using Docker Compose file /Users/darren/project/nex-rail-ai-full/NexRailAI/compose.yaml
2026-01-12T10:19:17.210+08:00  INFO 28534 --- [NexRailAI] [restartedMain] .s.b.d.c.l.DockerComposeLifecycleManager : There are already Docker Compose services running, skipping startup
2026-01-12T10:19:17.328+08:00  INFO 28534 --- [NexRailAI] [restartedMain] .s.d.r.c.RepositoryConfigurationDelegate : Multiple Spring Data modules found, entering strict repository configuration mode
2026-01-12T10:19:17.328+08:00  INFO 28534 --- [NexRailAI] [restartedMain] .s.d.r.c.RepositoryConfigurationDelegate : Bootstrapping Spring Data JPA repositories in DEFAULT mode.
2026-01-12T10:19:17.341+08:00  INFO 28534 --- [NexRailAI] [restartedMain] .s.d.r.c.RepositoryConfigurationDelegate : Finished Spring Data repository scanning in 13 ms. Found 6 JPA repository interfaces.
2026-01-12T10:19:17.343+08:00  INFO 28534 --- [NexRailAI] [restartedMain] .s.d.r.c.RepositoryConfigurationDelegate : Multiple Spring Data modules found, entering strict repository configuration mode
2026-01-12T10:19:17.343+08:00  INFO 28534 --- [NexRailAI] [restartedMain] .s.d.r.c.RepositoryConfigurationDelegate : Bootstrapping Spring Data Redis repositories in DEFAULT mode.
2026-01-12T10:19:17.347+08:00  INFO 28534 --- [NexRailAI] [restartedMain] .RepositoryConfigurationExtensionSupport : Spring Data Redis - Could not safely identify store assignment for repository candidate interface com.next.nexrailai.jpa.repository.AppUserRepository; If you want this repository to be a Redis repository, consider annotating your entities with one of these annotations: org.springframework.data.redis.core.RedisHash (preferred), or consider extending one of the following types with your repository: org.springframework.data.keyvalue.repository.KeyValueRepository
2026-01-12T10:19:17.347+08:00  INFO 28534 --- [NexRailAI] [restartedMain] .RepositoryConfigurationExtensionSupport : Spring Data Redis - Could not safely identify store assignment for repository candidate interface com.next.nexrailai.jpa.repository.ScheduleTaskRepository; If you want this repository to be a Redis repository, consider annotating your entities with one of these annotations: org.springframework.data.redis.core.RedisHash (preferred), or consider extending one of the following types with your repository: org.springframework.data.keyvalue.repository.KeyValueRepository
2026-01-12T10:19:17.347+08:00  INFO 28534 --- [NexRailAI] [restartedMain] .RepositoryConfigurationExtensionSupport : Spring Data Redis - Could not safely identify store assignment for repository candidate interface com.next.nexrailai.jpa.repository.StationRepository; If you want this repository to be a Redis repository, consider annotating your entities with one of these annotations: org.springframework.data.redis.core.RedisHash (preferred), or consider extending one of the following types with your repository: org.springframework.data.keyvalue.repository.KeyValueRepository
2026-01-12T10:19:17.347+08:00  INFO 28534 --- [NexRailAI] [restartedMain] .RepositoryConfigurationExtensionSupport : Spring Data Redis - Could not safely identify store assignment for repository candidate interface com.next.nexrailai.jpa.repository.SystemAdminRepository; If you want this repository to be a Redis repository, consider annotating your entities with one of these annotations: org.springframework.data.redis.core.RedisHash (preferred), or consider extending one of the following types with your repository: org.springframework.data.keyvalue.repository.KeyValueRepository
2026-01-12T10:19:17.347+08:00  INFO 28534 --- [NexRailAI] [restartedMain] .RepositoryConfigurationExtensionSupport : Spring Data Redis - Could not safely identify store assignment for repository candidate interface com.next.nexrailai.jpa.repository.SystemConfigRepository; If you want this repository to be a Redis repository, consider annotating your entities with one of these annotations: org.springframework.data.redis.core.RedisHash (preferred), or consider extending one of the following types with your repository: org.springframework.data.keyvalue.repository.KeyValueRepository
2026-01-12T10:19:17.347+08:00  INFO 28534 --- [NexRailAI] [restartedMain] .RepositoryConfigurationExtensionSupport : Spring Data Redis - Could not safely identify store assignment for repository candidate interface com.next.nexrailai.jpa.repository.UserMemoryRepository; If you want this repository to be a Redis repository, consider annotating your entities with one of these annotations: org.springframework.data.redis.core.RedisHash (preferred), or consider extending one of the following types with your repository: org.springframework.data.keyvalue.repository.KeyValueRepository
2026-01-12T10:19:17.347+08:00  INFO 28534 --- [NexRailAI] [restartedMain] .s.d.r.c.RepositoryConfigurationDelegate : Finished Spring Data repository scanning in 3 ms. Found 0 Redis repository interfaces.
2026-01-12T10:19:17.395+08:00  INFO 28534 --- [NexRailAI] [restartedMain] o.s.b.w.embedded.tomcat.TomcatWebServer  : Tomcat initialized with port 8089 (http)
2026-01-12T10:19:17.395+08:00  INFO 28534 --- [NexRailAI] [restartedMain] o.apache.catalina.core.StandardService   : Starting service [Tomcat]
2026-01-12T10:19:17.395+08:00  INFO 28534 --- [NexRailAI] [restartedMain] o.apache.catalina.core.StandardEngine    : Starting Servlet engine: [Apache Tomcat/10.1.50]
2026-01-12T10:19:17.411+08:00  INFO 28534 --- [NexRailAI] [restartedMain] o.a.c.c.C.[Tomcat].[localhost].[/]       : Initializing Spring embedded WebApplicationContext
2026-01-12T10:19:17.411+08:00  INFO 28534 --- [NexRailAI] [restartedMain] w.s.c.ServletWebServerApplicationContext : Root WebApplicationContext: initialization completed in 201 ms
2026-01-12T10:19:17.417+08:00  WARN 28534 --- [NexRailAI] [restartedMain] .s.a.m.c.c.a.ChatClientAutoConfiguration : You have enabled logging out the ChatClient completion content with the risk of exposing sensitive or private information. Please, be careful!
2026-01-12T10:19:17.432+08:00  INFO 28534 --- [NexRailAI] [restartedMain] com.zaxxer.hikari.HikariDataSource       : HikariPool-4 - Starting...
2026-01-12T10:19:17.449+08:00  INFO 28534 --- [NexRailAI] [restartedMain] com.zaxxer.hikari.pool.HikariPool        : HikariPool-4 - Added connection org.postgresql.jdbc.PgConnection@37a0dac2
2026-01-12T10:19:17.449+08:00  INFO 28534 --- [NexRailAI] [restartedMain] com.zaxxer.hikari.HikariDataSource       : HikariPool-4 - Start completed.
2026-01-12T10:19:17.457+08:00  INFO 28534 --- [NexRailAI] [restartedMain] o.hibernate.jpa.internal.util.LogHelper  : HHH000204: Processing PersistenceUnitInfo [name: default]
2026-01-12T10:19:17.458+08:00  INFO 28534 --- [NexRailAI] [restartedMain] o.h.c.internal.RegionFactoryInitiator    : HHH000026: Second-level cache disabled
2026-01-12T10:19:17.460+08:00  INFO 28534 --- [NexRailAI] [restartedMain] o.s.o.j.p.SpringPersistenceUnitInfo      : No LoadTimeWeaver setup: ignoring JPA class transformer
2026-01-12T10:19:17.465+08:00  INFO 28534 --- [NexRailAI] [restartedMain] org.hibernate.orm.connections.pooling    : HHH10001005: Database info:
	Database JDBC URL [Connecting through datasource 'HikariDataSource (HikariPool-4)']
	Database driver: undefined/unknown
	Database version: 15.15
	Autocommit mode: undefined/unknown
	Isolation level: undefined/unknown
	Minimum pool size: undefined/unknown
	Maximum pool size: undefined/unknown
2026-01-12T10:19:17.525+08:00  INFO 28534 --- [NexRailAI] [restartedMain] o.h.e.t.j.p.i.JtaPlatformInitiator       : HHH000489: No JTA platform available (set 'hibernate.transaction.jta.platform' to enable JTA platform integration)
2026-01-12T10:19:17.544+08:00  INFO 28534 --- [NexRailAI] [restartedMain] j.LocalContainerEntityManagerFactoryBean : Initialized JPA EntityManagerFactory for persistence unit 'default'
2026-01-12T10:19:17.563+08:00 DEBUG 28534 --- [NexRailAI] [restartedMain] c.n.n.security.JwtAuthenticationFilter   : Filter 'jwtAuthenticationFilter' configured for use
2026-01-12T10:19:17.596+08:00  INFO 28534 --- [NexRailAI] [restartedMain] c.n.n.service.SystemConfigService        : >>>> [SystemConfig] 初始化系統參數...
2026-01-12T10:19:17.630+08:00  INFO 28534 --- [NexRailAI] [restartedMain] eAuthenticationProviderManagerConfigurer : Global AuthenticationManager configured with AuthenticationProvider bean with name authenticationProvider
2026-01-12T10:19:17.630+08:00  WARN 28534 --- [NexRailAI] [restartedMain] r$InitializeUserDetailsManagerConfigurer : Global AuthenticationManager configured with an AuthenticationProvider bean. UserDetailsService beans will not be used by Spring Security for automatically configuring username/password login. Consider removing the AuthenticationProvider bean. Alternatively, consider using the UserDetailsService in a manually instantiated DaoAuthenticationProvider. If the current configuration is intentional, to turn off this warning, increase the logging level of 'org.springframework.security.config.annotation.authentication.configuration.InitializeUserDetailsBeanManagerConfigurer' to ERROR
2026-01-12T10:19:17.658+08:00  WARN 28534 --- [NexRailAI] [restartedMain] JpaBaseConfiguration$JpaWebConfiguration : spring.jpa.open-in-view is enabled by default. Therefore, database queries may be performed during view rendering. Explicitly configure spring.jpa.open-in-view to disable this warning
2026-01-12T10:19:17.697+08:00  INFO 28534 --- [NexRailAI] [restartedMain] o.s.b.a.e.web.EndpointLinksResolver      : Exposing 1 endpoint beneath base path '/actuator'
2026-01-12T10:19:17.760+08:00  INFO 28534 --- [NexRailAI] [restartedMain] o.s.b.d.a.OptionalLiveReloadServer       : LiveReload server is running on port 35729
2026-01-12T10:19:17.769+08:00  INFO 28534 --- [NexRailAI] [restartedMain] o.s.b.w.embedded.tomcat.TomcatWebServer  : Tomcat started on port 8089 (http) with context path '/'
2026-01-12T10:19:17.777+08:00  INFO 28534 --- [NexRailAI] [restartedMain] c.l.b.s.b.h.s.LineMessageHandlerSupport  : Registered LINE Messaging API event handler: count = 4
2026-01-12T10:19:17.777+08:00  INFO 28534 --- [NexRailAI] [restartedMain] c.l.b.s.b.h.s.LineMessageHandlerSupport  : Mapped "[EventArgumentResolver{klass=class com.linecorp.bot.webhook.model.MessageEvent}]" onto public void com.next.nexrailai.handler.LineBotMessageHandler.handleTextMessageEvent(com.linecorp.bot.webhook.model.MessageEvent)
2026-01-12T10:19:17.777+08:00  INFO 28534 --- [NexRailAI] [restartedMain] c.l.b.s.b.h.s.LineMessageHandlerSupport  : Mapped "[EventArgumentResolver{klass=class com.linecorp.bot.webhook.model.PostbackEvent}]" onto public void com.next.nexrailai.handler.LineBotMessageHandler.handlePostbackEvent(com.linecorp.bot.webhook.model.PostbackEvent)
2026-01-12T10:19:17.777+08:00  INFO 28534 --- [NexRailAI] [restartedMain] c.l.b.s.b.h.s.LineMessageHandlerSupport  : Mapped "[EventArgumentResolver{klass=class com.linecorp.bot.webhook.model.FollowEvent}]" onto public void com.next.nexrailai.handler.LineBotMessageHandler.handleFollowEvent(com.linecorp.bot.webhook.model.FollowEvent)
2026-01-12T10:19:17.777+08:00  INFO 28534 --- [NexRailAI] [restartedMain] c.l.b.s.b.h.s.LineMessageHandlerSupport  : Mapped "[EventArgumentResolver{klass=class com.linecorp.bot.webhook.model.UnfollowEvent}]" onto public void com.next.nexrailai.handler.LineBotMessageHandler.handleUnfollowEvent(com.linecorp.bot.webhook.model.UnfollowEvent)
2026-01-12T10:19:17.777+08:00  INFO 28534 --- [NexRailAI] [restartedMain] c.next.nexrailai.NexRailAiApplication    : Started NexRailAiApplication in 0.763 seconds (process running for 1032.967)
2026-01-12T10:19:17.782+08:00  INFO 28534 --- [NexRailAI] [restartedMain] .ConditionEvaluationDeltaLoggingListener : Condition evaluation unchanged
2026-01-12T10:19:17.795+08:00  INFO 28534 --- [NexRailAI] [scheduling-1] c.next.nexrailai.scheduled.CacheMonitor  : ===== Cache 統計 =====
2026-01-12T10:19:17.795+08:00  INFO 28534 --- [NexRailAI] [scheduling-1] c.next.nexrailai.scheduled.CacheMonitor  : 時刻表 Cache 數量: 0
2026-01-12T10:19:17.795+08:00  INFO 28534 --- [NexRailAI] [scheduling-1] c.next.nexrailai.scheduled.CacheMonitor  : 票價 Cache 數量: 3
2026-01-12T10:19:17.795+08:00  INFO 28534 --- [NexRailAI] [scheduling-1] c.next.nexrailai.scheduled.CacheMonitor  : =====================
2026-01-12T10:24:17.790+08:00  INFO 28534 --- [NexRailAI] [scheduling-1] c.next.nexrailai.scheduled.CacheMonitor  : ===== Cache 統計 =====
2026-01-12T10:24:17.791+08:00  INFO 28534 --- [NexRailAI] [scheduling-1] c.next.nexrailai.scheduled.CacheMonitor  : 時刻表 Cache 數量: 0
2026-01-12T10:24:17.792+08:00  INFO 28534 --- [NexRailAI] [scheduling-1] c.next.nexrailai.scheduled.CacheMonitor  : 票價 Cache 數量: 3
2026-01-12T10:24:17.792+08:00  INFO 28534 --- [NexRailAI] [scheduling-1] c.next.nexrailai.scheduled.CacheMonitor  : =====================
2026-01-12T10:29:17.794+08:00  INFO 28534 --- [NexRailAI] [scheduling-1] c.next.nexrailai.scheduled.CacheMonitor  : ===== Cache 統計 =====
2026-01-12T10:29:17.795+08:00  INFO 28534 --- [NexRailAI] [scheduling-1] c.next.nexrailai.scheduled.CacheMonitor  : 時刻表 Cache 數量: 0
2026-01-12T10:29:17.795+08:00  INFO 28534 --- [NexRailAI] [scheduling-1] c.next.nexrailai.scheduled.CacheMonitor  : 票價 Cache 數量: 3
2026-01-12T10:29:17.795+08:00  INFO 28534 --- [NexRailAI] [scheduling-1] c.next.nexrailai.scheduled.CacheMonitor  : =====================
2026-01-12T10:30:47.683+08:00  INFO 28534 --- [NexRailAI] [File Watcher] rtingClassPathChangeChangedEventListener : Restarting due to 3 class path changes (0 additions, 0 deletions, 3 modifications)
2026-01-12T10:30:47.684+08:00  INFO 28534 --- [NexRailAI] [Thread-43] o.s.b.w.e.tomcat.GracefulShutdown        : Commencing graceful shutdown. Waiting for active requests to complete
2026-01-12T10:30:47.685+08:00  INFO 28534 --- [NexRailAI] [tomcat-shutdown] o.s.b.w.e.tomcat.GracefulShutdown        : Graceful shutdown complete
2026-01-12T10:30:47.689+08:00  INFO 28534 --- [NexRailAI] [Thread-43] j.LocalContainerEntityManagerFactoryBean : Closing JPA EntityManagerFactory for persistence unit 'default'
2026-01-12T10:30:47.689+08:00  INFO 28534 --- [NexRailAI] [Thread-43] com.zaxxer.hikari.HikariDataSource       : HikariPool-4 - Shutdown initiated...
2026-01-12T10:30:47.690+08:00  INFO 28534 --- [NexRailAI] [Thread-43] com.zaxxer.hikari.HikariDataSource       : HikariPool-4 - Shutdown completed.
2026-01-12T10:30:47.758+08:00  INFO 28534 --- [NexRailAI] [restartedMain] c.next.nexrailai.NexRailAiApplication    : Starting NexRailAiApplication using Java 21.0.8 with PID 28534 (/Users/darren/project/nex-rail-ai-full/NexRailAI/target/classes started by darren in /Users/darren/project/nex-rail-ai-full/NexRailAI)
2026-01-12T10:30:47.758+08:00  INFO 28534 --- [NexRailAI] [restartedMain] c.next.nexrailai.NexRailAiApplication    : The following 1 profile is active: "dev"
2026-01-12T10:30:47.760+08:00  INFO 28534 --- [NexRailAI] [restartedMain] .s.b.d.c.l.DockerComposeLifecycleManager : Using Docker Compose file /Users/darren/project/nex-rail-ai-full/NexRailAI/compose.yaml
2026-01-12T10:30:48.013+08:00  INFO 28534 --- [NexRailAI] [restartedMain] .s.b.d.c.l.DockerComposeLifecycleManager : There are already Docker Compose services running, skipping startup
2026-01-12T10:30:48.174+08:00  INFO 28534 --- [NexRailAI] [restartedMain] .s.d.r.c.RepositoryConfigurationDelegate : Multiple Spring Data modules found, entering strict repository configuration mode
2026-01-12T10:30:48.174+08:00  INFO 28534 --- [NexRailAI] [restartedMain] .s.d.r.c.RepositoryConfigurationDelegate : Bootstrapping Spring Data JPA repositories in DEFAULT mode.
2026-01-12T10:30:48.188+08:00  INFO 28534 --- [NexRailAI] [restartedMain] .s.d.r.c.RepositoryConfigurationDelegate : Finished Spring Data repository scanning in 13 ms. Found 6 JPA repository interfaces.
2026-01-12T10:30:48.189+08:00  INFO 28534 --- [NexRailAI] [restartedMain] .s.d.r.c.RepositoryConfigurationDelegate : Multiple Spring Data modules found, entering strict repository configuration mode
2026-01-12T10:30:48.189+08:00  INFO 28534 --- [NexRailAI] [restartedMain] .s.d.r.c.RepositoryConfigurationDelegate : Bootstrapping Spring Data Redis repositories in DEFAULT mode.
2026-01-12T10:30:48.193+08:00  INFO 28534 --- [NexRailAI] [restartedMain] .RepositoryConfigurationExtensionSupport : Spring Data Redis - Could not safely identify store assignment for repository candidate interface com.next.nexrailai.jpa.repository.AppUserRepository; If you want this repository to be a Redis repository, consider annotating your entities with one of these annotations: org.springframework.data.redis.core.RedisHash (preferred), or consider extending one of the following types with your repository: org.springframework.data.keyvalue.repository.KeyValueRepository
2026-01-12T10:30:48.193+08:00  INFO 28534 --- [NexRailAI] [restartedMain] .RepositoryConfigurationExtensionSupport : Spring Data Redis - Could not safely identify store assignment for repository candidate interface com.next.nexrailai.jpa.repository.ScheduleTaskRepository; If you want this repository to be a Redis repository, consider annotating your entities with one of these annotations: org.springframework.data.redis.core.RedisHash (preferred), or consider extending one of the following types with your repository: org.springframework.data.keyvalue.repository.KeyValueRepository
2026-01-12T10:30:48.193+08:00  INFO 28534 --- [NexRailAI] [restartedMain] .RepositoryConfigurationExtensionSupport : Spring Data Redis - Could not safely identify store assignment for repository candidate interface com.next.nexrailai.jpa.repository.StationRepository; If you want this repository to be a Redis repository, consider annotating your entities with one of these annotations: org.springframework.data.redis.core.RedisHash (preferred), or consider extending one of the following types with your repository: org.springframework.data.keyvalue.repository.KeyValueRepository
2026-01-12T10:30:48.193+08:00  INFO 28534 --- [NexRailAI] [restartedMain] .RepositoryConfigurationExtensionSupport : Spring Data Redis - Could not safely identify store assignment for repository candidate interface com.next.nexrailai.jpa.repository.SystemAdminRepository; If you want this repository to be a Redis repository, consider annotating your entities with one of these annotations: org.springframework.data.redis.core.RedisHash (preferred), or consider extending one of the following types with your repository: org.springframework.data.keyvalue.repository.KeyValueRepository
2026-01-12T10:30:48.193+08:00  INFO 28534 --- [NexRailAI] [restartedMain] .RepositoryConfigurationExtensionSupport : Spring Data Redis - Could not safely identify store assignment for repository candidate interface com.next.nexrailai.jpa.repository.SystemConfigRepository; If you want this repository to be a Redis repository, consider annotating your entities with one of these annotations: org.springframework.data.redis.core.RedisHash (preferred), or consider extending one of the following types with your repository: org.springframework.data.keyvalue.repository.KeyValueRepository
2026-01-12T10:30:48.193+08:00  INFO 28534 --- [NexRailAI] [restartedMain] .RepositoryConfigurationExtensionSupport : Spring Data Redis - Could not safely identify store assignment for repository candidate interface com.next.nexrailai.jpa.repository.UserMemoryRepository; If you want this repository to be a Redis repository, consider annotating your entities with one of these annotations: org.springframework.data.redis.core.RedisHash (preferred), or consider extending one of the following types with your repository: org.springframework.data.keyvalue.repository.KeyValueRepository
2026-01-12T10:30:48.193+08:00  INFO 28534 --- [NexRailAI] [restartedMain] .s.d.r.c.RepositoryConfigurationDelegate : Finished Spring Data repository scanning in 3 ms. Found 0 Redis repository interfaces.
2026-01-12T10:30:48.259+08:00  INFO 28534 --- [NexRailAI] [restartedMain] o.s.b.w.embedded.tomcat.TomcatWebServer  : Tomcat initialized with port 8089 (http)
2026-01-12T10:30:48.260+08:00  INFO 28534 --- [NexRailAI] [restartedMain] o.apache.catalina.core.StandardService   : Starting service [Tomcat]
2026-01-12T10:30:48.260+08:00  INFO 28534 --- [NexRailAI] [restartedMain] o.apache.catalina.core.StandardEngine    : Starting Servlet engine: [Apache Tomcat/10.1.50]
2026-01-12T10:30:48.279+08:00  INFO 28534 --- [NexRailAI] [restartedMain] o.a.c.c.C.[Tomcat].[localhost].[/]       : Initializing Spring embedded WebApplicationContext
2026-01-12T10:30:48.279+08:00  INFO 28534 --- [NexRailAI] [restartedMain] w.s.c.ServletWebServerApplicationContext : Root WebApplicationContext: initialization completed in 265 ms
2026-01-12T10:30:48.286+08:00  WARN 28534 --- [NexRailAI] [restartedMain] .s.a.m.c.c.a.ChatClientAutoConfiguration : You have enabled logging out the ChatClient completion content with the risk of exposing sensitive or private information. Please, be careful!
2026-01-12T10:30:48.304+08:00  INFO 28534 --- [NexRailAI] [restartedMain] com.zaxxer.hikari.HikariDataSource       : HikariPool-5 - Starting...
2026-01-12T10:30:48.321+08:00  INFO 28534 --- [NexRailAI] [restartedMain] com.zaxxer.hikari.pool.HikariPool        : HikariPool-5 - Added connection org.postgresql.jdbc.PgConnection@7d82a380
2026-01-12T10:30:48.321+08:00  INFO 28534 --- [NexRailAI] [restartedMain] com.zaxxer.hikari.HikariDataSource       : HikariPool-5 - Start completed.
2026-01-12T10:30:48.330+08:00  INFO 28534 --- [NexRailAI] [restartedMain] o.hibernate.jpa.internal.util.LogHelper  : HHH000204: Processing PersistenceUnitInfo [name: default]
2026-01-12T10:30:48.331+08:00  INFO 28534 --- [NexRailAI] [restartedMain] o.h.c.internal.RegionFactoryInitiator    : HHH000026: Second-level cache disabled
2026-01-12T10:30:48.335+08:00  INFO 28534 --- [NexRailAI] [restartedMain] o.s.o.j.p.SpringPersistenceUnitInfo      : No LoadTimeWeaver setup: ignoring JPA class transformer
2026-01-12T10:30:48.340+08:00  INFO 28534 --- [NexRailAI] [restartedMain] org.hibernate.orm.connections.pooling    : HHH10001005: Database info:
	Database JDBC URL [Connecting through datasource 'HikariDataSource (HikariPool-5)']
	Database driver: undefined/unknown
	Database version: 15.15
	Autocommit mode: undefined/unknown
	Isolation level: undefined/unknown
	Minimum pool size: undefined/unknown
	Maximum pool size: undefined/unknown
2026-01-12T10:30:48.405+08:00  INFO 28534 --- [NexRailAI] [restartedMain] o.h.e.t.j.p.i.JtaPlatformInitiator       : HHH000489: No JTA platform available (set 'hibernate.transaction.jta.platform' to enable JTA platform integration)
2026-01-12T10:30:48.428+08:00  INFO 28534 --- [NexRailAI] [restartedMain] j.LocalContainerEntityManagerFactoryBean : Initialized JPA EntityManagerFactory for persistence unit 'default'
2026-01-12T10:30:48.487+08:00  INFO 28534 --- [NexRailAI] [restartedMain] c.n.n.service.SystemConfigService        : >>>> [SystemConfig] 初始化系統參數...
2026-01-12T10:30:48.522+08:00  INFO 28534 --- [NexRailAI] [restartedMain] eAuthenticationProviderManagerConfigurer : Global AuthenticationManager configured with AuthenticationProvider bean with name authenticationProvider
2026-01-12T10:30:48.522+08:00  WARN 28534 --- [NexRailAI] [restartedMain] r$InitializeUserDetailsManagerConfigurer : Global AuthenticationManager configured with an AuthenticationProvider bean. UserDetailsService beans will not be used by Spring Security for automatically configuring username/password login. Consider removing the AuthenticationProvider bean. Alternatively, consider using the UserDetailsService in a manually instantiated DaoAuthenticationProvider. If the current configuration is intentional, to turn off this warning, increase the logging level of 'org.springframework.security.config.annotation.authentication.configuration.InitializeUserDetailsBeanManagerConfigurer' to ERROR
2026-01-12T10:30:48.551+08:00  WARN 28534 --- [NexRailAI] [restartedMain] JpaBaseConfiguration$JpaWebConfiguration : spring.jpa.open-in-view is enabled by default. Therefore, database queries may be performed during view rendering. Explicitly configure spring.jpa.open-in-view to disable this warning
2026-01-12T10:30:48.596+08:00  INFO 28534 --- [NexRailAI] [restartedMain] o.s.b.a.e.web.EndpointLinksResolver      : Exposing 1 endpoint beneath base path '/actuator'
2026-01-12T10:30:48.668+08:00  INFO 28534 --- [NexRailAI] [restartedMain] o.s.b.d.a.OptionalLiveReloadServer       : LiveReload server is running on port 35729
2026-01-12T10:30:48.681+08:00  INFO 28534 --- [NexRailAI] [restartedMain] o.s.b.w.embedded.tomcat.TomcatWebServer  : Tomcat started on port 8089 (http) with context path '/'
2026-01-12T10:30:48.690+08:00  INFO 28534 --- [NexRailAI] [restartedMain] c.l.b.s.b.h.s.LineMessageHandlerSupport  : Registered LINE Messaging API event handler: count = 4
2026-01-12T10:30:48.690+08:00  INFO 28534 --- [NexRailAI] [restartedMain] c.l.b.s.b.h.s.LineMessageHandlerSupport  : Mapped "[EventArgumentResolver{klass=class com.linecorp.bot.webhook.model.MessageEvent}]" onto public void com.next.nexrailai.handler.LineBotMessageHandler.handleTextMessageEvent(com.linecorp.bot.webhook.model.MessageEvent)
2026-01-12T10:30:48.690+08:00  INFO 28534 --- [NexRailAI] [restartedMain] c.l.b.s.b.h.s.LineMessageHandlerSupport  : Mapped "[EventArgumentResolver{klass=class com.linecorp.bot.webhook.model.PostbackEvent}]" onto public void com.next.nexrailai.handler.LineBotMessageHandler.handlePostbackEvent(com.linecorp.bot.webhook.model.PostbackEvent)
2026-01-12T10:30:48.690+08:00  INFO 28534 --- [NexRailAI] [restartedMain] c.l.b.s.b.h.s.LineMessageHandlerSupport  : Mapped "[EventArgumentResolver{klass=class com.linecorp.bot.webhook.model.FollowEvent}]" onto public void com.next.nexrailai.handler.LineBotMessageHandler.handleFollowEvent(com.linecorp.bot.webhook.model.FollowEvent)
2026-01-12T10:30:48.690+08:00  INFO 28534 --- [NexRailAI] [restartedMain] c.l.b.s.b.h.s.LineMessageHandlerSupport  : Mapped "[EventArgumentResolver{klass=class com.linecorp.bot.webhook.model.UnfollowEvent}]" onto public void com.next.nexrailai.handler.LineBotMessageHandler.handleUnfollowEvent(com.linecorp.bot.webhook.model.UnfollowEvent)
2026-01-12T10:30:48.690+08:00  INFO 28534 --- [NexRailAI] [restartedMain] c.next.nexrailai.NexRailAiApplication    : Started NexRailAiApplication in 0.947 seconds (process running for 1723.875)
2026-01-12T10:30:48.694+08:00  INFO 28534 --- [NexRailAI] [restartedMain] .ConditionEvaluationDeltaLoggingListener : Condition evaluation unchanged
2026-01-12T10:30:48.706+08:00  INFO 28534 --- [NexRailAI] [scheduling-1] c.next.nexrailai.scheduled.CacheMonitor  : ===== Cache 統計 =====
2026-01-12T10:30:48.706+08:00  INFO 28534 --- [NexRailAI] [scheduling-1] c.next.nexrailai.scheduled.CacheMonitor  : 時刻表 Cache 數量: 0
2026-01-12T10:30:48.707+08:00  INFO 28534 --- [NexRailAI] [scheduling-1] c.next.nexrailai.scheduled.CacheMonitor  : 票價 Cache 數量: 3
2026-01-12T10:30:48.707+08:00  INFO 28534 --- [NexRailAI] [scheduling-1] c.next.nexrailai.scheduled.CacheMonitor  : =====================
2026-01-12T10:35:48.702+08:00  INFO 28534 --- [NexRailAI] [scheduling-1] c.next.nexrailai.scheduled.CacheMonitor  : ===== Cache 統計 =====
2026-01-12T10:35:48.702+08:00  INFO 28534 --- [NexRailAI] [scheduling-1] c.next.nexrailai.scheduled.CacheMonitor  : 時刻表 Cache 數量: 0
2026-01-12T10:35:48.702+08:00  INFO 28534 --- [NexRailAI] [scheduling-1] c.next.nexrailai.scheduled.CacheMonitor  : 票價 Cache 數量: 3
2026-01-12T10:35:48.703+08:00  INFO 28534 --- [NexRailAI] [scheduling-1] c.next.nexrailai.scheduled.CacheMonitor  : =====================
2026-01-12T10:36:41.468+08:00  INFO 28534 --- [NexRailAI] [File Watcher] rtingClassPathChangeChangedEventListener : Restarting due to 2 class path changes (0 additions, 1 deletion, 1 modification)
2026-01-12T10:36:41.469+08:00  INFO 28534 --- [NexRailAI] [Thread-55] o.s.b.w.e.tomcat.GracefulShutdown        : Commencing graceful shutdown. Waiting for active requests to complete
2026-01-12T10:36:41.470+08:00  INFO 28534 --- [NexRailAI] [tomcat-shutdown] o.s.b.w.e.tomcat.GracefulShutdown        : Graceful shutdown complete
2026-01-12T10:36:41.477+08:00  INFO 28534 --- [NexRailAI] [Thread-55] j.LocalContainerEntityManagerFactoryBean : Closing JPA EntityManagerFactory for persistence unit 'default'
2026-01-12T10:36:41.478+08:00  INFO 28534 --- [NexRailAI] [Thread-55] com.zaxxer.hikari.HikariDataSource       : HikariPool-5 - Shutdown initiated...
2026-01-12T10:36:41.480+08:00  INFO 28534 --- [NexRailAI] [Thread-55] com.zaxxer.hikari.HikariDataSource       : HikariPool-5 - Shutdown completed.
2026-01-12T10:36:41.549+08:00  INFO 28534 --- [NexRailAI] [restartedMain] c.next.nexrailai.NexRailAiApplication    : Starting NexRailAiApplication using Java 21.0.8 with PID 28534 (/Users/darren/project/nex-rail-ai-full/NexRailAI/target/classes started by darren in /Users/darren/project/nex-rail-ai-full/NexRailAI)
2026-01-12T10:36:41.549+08:00  INFO 28534 --- [NexRailAI] [restartedMain] c.next.nexrailai.NexRailAiApplication    : The following 1 profile is active: "dev"
2026-01-12T10:36:41.551+08:00  INFO 28534 --- [NexRailAI] [restartedMain] .s.b.d.c.l.DockerComposeLifecycleManager : Using Docker Compose file /Users/darren/project/nex-rail-ai-full/NexRailAI/compose.yaml
2026-01-12T10:36:41.844+08:00  INFO 28534 --- [NexRailAI] [restartedMain] .s.b.d.c.l.DockerComposeLifecycleManager : There are already Docker Compose services running, skipping startup
2026-01-12T10:36:41.984+08:00  INFO 28534 --- [NexRailAI] [restartedMain] .s.d.r.c.RepositoryConfigurationDelegate : Multiple Spring Data modules found, entering strict repository configuration mode
2026-01-12T10:36:41.985+08:00  INFO 28534 --- [NexRailAI] [restartedMain] .s.d.r.c.RepositoryConfigurationDelegate : Bootstrapping Spring Data JPA repositories in DEFAULT mode.
2026-01-12T10:36:41.998+08:00  INFO 28534 --- [NexRailAI] [restartedMain] .s.d.r.c.RepositoryConfigurationDelegate : Finished Spring Data repository scanning in 13 ms. Found 6 JPA repository interfaces.
2026-01-12T10:36:41.999+08:00  INFO 28534 --- [NexRailAI] [restartedMain] .s.d.r.c.RepositoryConfigurationDelegate : Multiple Spring Data modules found, entering strict repository configuration mode
2026-01-12T10:36:41.999+08:00  INFO 28534 --- [NexRailAI] [restartedMain] .s.d.r.c.RepositoryConfigurationDelegate : Bootstrapping Spring Data Redis repositories in DEFAULT mode.
2026-01-12T10:36:42.004+08:00  INFO 28534 --- [NexRailAI] [restartedMain] .RepositoryConfigurationExtensionSupport : Spring Data Redis - Could not safely identify store assignment for repository candidate interface com.next.nexrailai.jpa.repository.AppUserRepository; If you want this repository to be a Redis repository, consider annotating your entities with one of these annotations: org.springframework.data.redis.core.RedisHash (preferred), or consider extending one of the following types with your repository: org.springframework.data.keyvalue.repository.KeyValueRepository
2026-01-12T10:36:42.004+08:00  INFO 28534 --- [NexRailAI] [restartedMain] .RepositoryConfigurationExtensionSupport : Spring Data Redis - Could not safely identify store assignment for repository candidate interface com.next.nexrailai.jpa.repository.ScheduleTaskRepository; If you want this repository to be a Redis repository, consider annotating your entities with one of these annotations: org.springframework.data.redis.core.RedisHash (preferred), or consider extending one of the following types with your repository: org.springframework.data.keyvalue.repository.KeyValueRepository
2026-01-12T10:36:42.004+08:00  INFO 28534 --- [NexRailAI] [restartedMain] .RepositoryConfigurationExtensionSupport : Spring Data Redis - Could not safely identify store assignment for repository candidate interface com.next.nexrailai.jpa.repository.StationRepository; If you want this repository to be a Redis repository, consider annotating your entities with one of these annotations: org.springframework.data.redis.core.RedisHash (preferred), or consider extending one of the following types with your repository: org.springframework.data.keyvalue.repository.KeyValueRepository
2026-01-12T10:36:42.004+08:00  INFO 28534 --- [NexRailAI] [restartedMain] .RepositoryConfigurationExtensionSupport : Spring Data Redis - Could not safely identify store assignment for repository candidate interface com.next.nexrailai.jpa.repository.SystemAdminRepository; If you want this repository to be a Redis repository, consider annotating your entities with one of these annotations: org.springframework.data.redis.core.RedisHash (preferred), or consider extending one of the following types with your repository: org.springframework.data.keyvalue.repository.KeyValueRepository
2026-01-12T10:36:42.004+08:00  INFO 28534 --- [NexRailAI] [restartedMain] .RepositoryConfigurationExtensionSupport : Spring Data Redis - Could not safely identify store assignment for repository candidate interface com.next.nexrailai.jpa.repository.SystemConfigRepository; If you want this repository to be a Redis repository, consider annotating your entities with one of these annotations: org.springframework.data.redis.core.RedisHash (preferred), or consider extending one of the following types with your repository: org.springframework.data.keyvalue.repository.KeyValueRepository
2026-01-12T10:36:42.004+08:00  INFO 28534 --- [NexRailAI] [restartedMain] .RepositoryConfigurationExtensionSupport : Spring Data Redis - Could not safely identify store assignment for repository candidate interface com.next.nexrailai.jpa.repository.UserMemoryRepository; If you want this repository to be a Redis repository, consider annotating your entities with one of these annotations: org.springframework.data.redis.core.RedisHash (preferred), or consider extending one of the following types with your repository: org.springframework.data.keyvalue.repository.KeyValueRepository
2026-01-12T10:36:42.004+08:00  INFO 28534 --- [NexRailAI] [restartedMain] .s.d.r.c.RepositoryConfigurationDelegate : Finished Spring Data repository scanning in 3 ms. Found 0 Redis repository interfaces.
2026-01-12T10:36:42.053+08:00  INFO 28534 --- [NexRailAI] [restartedMain] o.s.b.w.embedded.tomcat.TomcatWebServer  : Tomcat initialized with port 8089 (http)
2026-01-12T10:36:42.054+08:00  INFO 28534 --- [NexRailAI] [restartedMain] o.apache.catalina.core.StandardService   : Starting service [Tomcat]
2026-01-12T10:36:42.054+08:00  INFO 28534 --- [NexRailAI] [restartedMain] o.apache.catalina.core.StandardEngine    : Starting Servlet engine: [Apache Tomcat/10.1.50]
2026-01-12T10:36:42.070+08:00  INFO 28534 --- [NexRailAI] [restartedMain] o.a.c.c.C.[Tomcat].[localhost].[/]       : Initializing Spring embedded WebApplicationContext
2026-01-12T10:36:42.070+08:00  INFO 28534 --- [NexRailAI] [restartedMain] w.s.c.ServletWebServerApplicationContext : Root WebApplicationContext: initialization completed in 225 ms
2026-01-12T10:36:42.077+08:00  WARN 28534 --- [NexRailAI] [restartedMain] .s.a.m.c.c.a.ChatClientAutoConfiguration : You have enabled logging out the ChatClient completion content with the risk of exposing sensitive or private information. Please, be careful!
2026-01-12T10:36:42.094+08:00  INFO 28534 --- [NexRailAI] [restartedMain] com.zaxxer.hikari.HikariDataSource       : HikariPool-6 - Starting...
2026-01-12T10:36:42.111+08:00  INFO 28534 --- [NexRailAI] [restartedMain] com.zaxxer.hikari.pool.HikariPool        : HikariPool-6 - Added connection org.postgresql.jdbc.PgConnection@7b550704
2026-01-12T10:36:42.111+08:00  INFO 28534 --- [NexRailAI] [restartedMain] com.zaxxer.hikari.HikariDataSource       : HikariPool-6 - Start completed.
2026-01-12T10:36:42.119+08:00  INFO 28534 --- [NexRailAI] [restartedMain] o.hibernate.jpa.internal.util.LogHelper  : HHH000204: Processing PersistenceUnitInfo [name: default]
2026-01-12T10:36:42.120+08:00  INFO 28534 --- [NexRailAI] [restartedMain] o.h.c.internal.RegionFactoryInitiator    : HHH000026: Second-level cache disabled
2026-01-12T10:36:42.126+08:00  INFO 28534 --- [NexRailAI] [restartedMain] o.s.o.j.p.SpringPersistenceUnitInfo      : No LoadTimeWeaver setup: ignoring JPA class transformer
2026-01-12T10:36:42.132+08:00  INFO 28534 --- [NexRailAI] [restartedMain] org.hibernate.orm.connections.pooling    : HHH10001005: Database info:
	Database JDBC URL [Connecting through datasource 'HikariDataSource (HikariPool-6)']
	Database driver: undefined/unknown
	Database version: 15.15
	Autocommit mode: undefined/unknown
	Isolation level: undefined/unknown
	Minimum pool size: undefined/unknown
	Maximum pool size: undefined/unknown
2026-01-12T10:36:42.196+08:00  INFO 28534 --- [NexRailAI] [restartedMain] o.h.e.t.j.p.i.JtaPlatformInitiator       : HHH000489: No JTA platform available (set 'hibernate.transaction.jta.platform' to enable JTA platform integration)
2026-01-12T10:36:42.217+08:00  INFO 28534 --- [NexRailAI] [restartedMain] j.LocalContainerEntityManagerFactoryBean : Initialized JPA EntityManagerFactory for persistence unit 'default'
2026-01-12T10:36:42.275+08:00  INFO 28534 --- [NexRailAI] [restartedMain] c.n.n.service.SystemConfigService        : >>>> [SystemConfig] 初始化系統參數...
2026-01-12T10:36:42.310+08:00  INFO 28534 --- [NexRailAI] [restartedMain] eAuthenticationProviderManagerConfigurer : Global AuthenticationManager configured with AuthenticationProvider bean with name authenticationProvider
2026-01-12T10:36:42.310+08:00  WARN 28534 --- [NexRailAI] [restartedMain] r$InitializeUserDetailsManagerConfigurer : Global AuthenticationManager configured with an AuthenticationProvider bean. UserDetailsService beans will not be used by Spring Security for automatically configuring username/password login. Consider removing the AuthenticationProvider bean. Alternatively, consider using the UserDetailsService in a manually instantiated DaoAuthenticationProvider. If the current configuration is intentional, to turn off this warning, increase the logging level of 'org.springframework.security.config.annotation.authentication.configuration.InitializeUserDetailsBeanManagerConfigurer' to ERROR
2026-01-12T10:36:42.342+08:00  WARN 28534 --- [NexRailAI] [restartedMain] JpaBaseConfiguration$JpaWebConfiguration : spring.jpa.open-in-view is enabled by default. Therefore, database queries may be performed during view rendering. Explicitly configure spring.jpa.open-in-view to disable this warning
2026-01-12T10:36:42.387+08:00  INFO 28534 --- [NexRailAI] [restartedMain] o.s.b.a.e.web.EndpointLinksResolver      : Exposing 1 endpoint beneath base path '/actuator'
2026-01-12T10:36:42.463+08:00  INFO 28534 --- [NexRailAI] [restartedMain] o.s.b.d.a.OptionalLiveReloadServer       : LiveReload server is running on port 35729
2026-01-12T10:36:42.472+08:00  INFO 28534 --- [NexRailAI] [restartedMain] o.s.b.w.embedded.tomcat.TomcatWebServer  : Tomcat started on port 8089 (http) with context path '/'
2026-01-12T10:36:42.481+08:00  INFO 28534 --- [NexRailAI] [restartedMain] c.l.b.s.b.h.s.LineMessageHandlerSupport  : Registered LINE Messaging API event handler: count = 4
2026-01-12T10:36:42.481+08:00  INFO 28534 --- [NexRailAI] [restartedMain] c.l.b.s.b.h.s.LineMessageHandlerSupport  : Mapped "[EventArgumentResolver{klass=class com.linecorp.bot.webhook.model.MessageEvent}]" onto public void com.next.nexrailai.handler.LineBotMessageHandler.handleTextMessageEvent(com.linecorp.bot.webhook.model.MessageEvent)
2026-01-12T10:36:42.481+08:00  INFO 28534 --- [NexRailAI] [restartedMain] c.l.b.s.b.h.s.LineMessageHandlerSupport  : Mapped "[EventArgumentResolver{klass=class com.linecorp.bot.webhook.model.PostbackEvent}]" onto public void com.next.nexrailai.handler.LineBotMessageHandler.handlePostbackEvent(com.linecorp.bot.webhook.model.PostbackEvent)
2026-01-12T10:36:42.481+08:00  INFO 28534 --- [NexRailAI] [restartedMain] c.l.b.s.b.h.s.LineMessageHandlerSupport  : Mapped "[EventArgumentResolver{klass=class com.linecorp.bot.webhook.model.FollowEvent}]" onto public void com.next.nexrailai.handler.LineBotMessageHandler.handleFollowEvent(com.linecorp.bot.webhook.model.FollowEvent)
2026-01-12T10:36:42.481+08:00  INFO 28534 --- [NexRailAI] [restartedMain] c.l.b.s.b.h.s.LineMessageHandlerSupport  : Mapped "[EventArgumentResolver{klass=class com.linecorp.bot.webhook.model.UnfollowEvent}]" onto public void com.next.nexrailai.handler.LineBotMessageHandler.handleUnfollowEvent(com.linecorp.bot.webhook.model.UnfollowEvent)
2026-01-12T10:36:42.481+08:00  INFO 28534 --- [NexRailAI] [restartedMain] c.next.nexrailai.NexRailAiApplication    : Started NexRailAiApplication in 0.947 seconds (process running for 2077.666)
2026-01-12T10:36:42.488+08:00  INFO 28534 --- [NexRailAI] [restartedMain] .ConditionEvaluationDeltaLoggingListener : Condition evaluation unchanged
2026-01-12T10:36:42.497+08:00  INFO 28534 --- [NexRailAI] [scheduling-1] c.next.nexrailai.scheduled.CacheMonitor  : ===== Cache 統計 =====
2026-01-12T10:36:42.497+08:00  INFO 28534 --- [NexRailAI] [scheduling-1] c.next.nexrailai.scheduled.CacheMonitor  : 時刻表 Cache 數量: 0
2026-01-12T10:36:42.497+08:00  INFO 28534 --- [NexRailAI] [scheduling-1] c.next.nexrailai.scheduled.CacheMonitor  : 票價 Cache 數量: 3
2026-01-12T10:36:42.497+08:00  INFO 28534 --- [NexRailAI] [scheduling-1] c.next.nexrailai.scheduled.CacheMonitor  : =====================
2026-01-12T10:36:43.896+08:00  INFO 28534 --- [NexRailAI] [File Watcher] rtingClassPathChangeChangedEventListener : Restarting due to 2 class path changes (1 addition, 0 deletions, 1 modification)
2026-01-12T10:36:43.899+08:00  INFO 28534 --- [NexRailAI] [Thread-67] o.s.b.w.e.tomcat.GracefulShutdown        : Commencing graceful shutdown. Waiting for active requests to complete
2026-01-12T10:36:43.902+08:00  INFO 28534 --- [NexRailAI] [tomcat-shutdown] o.s.b.w.e.tomcat.GracefulShutdown        : Graceful shutdown complete
2026-01-12T10:36:43.910+08:00  INFO 28534 --- [NexRailAI] [Thread-67] j.LocalContainerEntityManagerFactoryBean : Closing JPA EntityManagerFactory for persistence unit 'default'
2026-01-12T10:36:43.911+08:00  INFO 28534 --- [NexRailAI] [Thread-67] com.zaxxer.hikari.HikariDataSource       : HikariPool-6 - Shutdown initiated...
2026-01-12T10:36:43.912+08:00  INFO 28534 --- [NexRailAI] [Thread-67] com.zaxxer.hikari.HikariDataSource       : HikariPool-6 - Shutdown completed.
2026-01-12T10:36:43.971+08:00  INFO 28534 --- [NexRailAI] [restartedMain] c.next.nexrailai.NexRailAiApplication    : Starting NexRailAiApplication using Java 21.0.8 with PID 28534 (/Users/darren/project/nex-rail-ai-full/NexRailAI/target/classes started by darren in /Users/darren/project/nex-rail-ai-full/NexRailAI)
2026-01-12T10:36:43.971+08:00  INFO 28534 --- [NexRailAI] [restartedMain] c.next.nexrailai.NexRailAiApplication    : The following 1 profile is active: "dev"
2026-01-12T10:36:43.973+08:00  INFO 28534 --- [NexRailAI] [restartedMain] .s.b.d.c.l.DockerComposeLifecycleManager : Using Docker Compose file /Users/darren/project/nex-rail-ai-full/NexRailAI/compose.yaml
2026-01-12T10:36:44.155+08:00  INFO 28534 --- [NexRailAI] [restartedMain] .s.b.d.c.l.DockerComposeLifecycleManager : There are already Docker Compose services running, skipping startup
2026-01-12T10:36:44.271+08:00  INFO 28534 --- [NexRailAI] [restartedMain] .s.d.r.c.RepositoryConfigurationDelegate : Multiple Spring Data modules found, entering strict repository configuration mode
2026-01-12T10:36:44.271+08:00  INFO 28534 --- [NexRailAI] [restartedMain] .s.d.r.c.RepositoryConfigurationDelegate : Bootstrapping Spring Data JPA repositories in DEFAULT mode.
2026-01-12T10:36:44.285+08:00  INFO 28534 --- [NexRailAI] [restartedMain] .s.d.r.c.RepositoryConfigurationDelegate : Finished Spring Data repository scanning in 13 ms. Found 6 JPA repository interfaces.
2026-01-12T10:36:44.286+08:00  INFO 28534 --- [NexRailAI] [restartedMain] .s.d.r.c.RepositoryConfigurationDelegate : Multiple Spring Data modules found, entering strict repository configuration mode
2026-01-12T10:36:44.286+08:00  INFO 28534 --- [NexRailAI] [restartedMain] .s.d.r.c.RepositoryConfigurationDelegate : Bootstrapping Spring Data Redis repositories in DEFAULT mode.
2026-01-12T10:36:44.290+08:00  INFO 28534 --- [NexRailAI] [restartedMain] .RepositoryConfigurationExtensionSupport : Spring Data Redis - Could not safely identify store assignment for repository candidate interface com.next.nexrailai.jpa.repository.AppUserRepository; If you want this repository to be a Redis repository, consider annotating your entities with one of these annotations: org.springframework.data.redis.core.RedisHash (preferred), or consider extending one of the following types with your repository: org.springframework.data.keyvalue.repository.KeyValueRepository
2026-01-12T10:36:44.290+08:00  INFO 28534 --- [NexRailAI] [restartedMain] .RepositoryConfigurationExtensionSupport : Spring Data Redis - Could not safely identify store assignment for repository candidate interface com.next.nexrailai.jpa.repository.ScheduleTaskRepository; If you want this repository to be a Redis repository, consider annotating your entities with one of these annotations: org.springframework.data.redis.core.RedisHash (preferred), or consider extending one of the following types with your repository: org.springframework.data.keyvalue.repository.KeyValueRepository
2026-01-12T10:36:44.290+08:00  INFO 28534 --- [NexRailAI] [restartedMain] .RepositoryConfigurationExtensionSupport : Spring Data Redis - Could not safely identify store assignment for repository candidate interface com.next.nexrailai.jpa.repository.StationRepository; If you want this repository to be a Redis repository, consider annotating your entities with one of these annotations: org.springframework.data.redis.core.RedisHash (preferred), or consider extending one of the following types with your repository: org.springframework.data.keyvalue.repository.KeyValueRepository
2026-01-12T10:36:44.290+08:00  INFO 28534 --- [NexRailAI] [restartedMain] .RepositoryConfigurationExtensionSupport : Spring Data Redis - Could not safely identify store assignment for repository candidate interface com.next.nexrailai.jpa.repository.SystemAdminRepository; If you want this repository to be a Redis repository, consider annotating your entities with one of these annotations: org.springframework.data.redis.core.RedisHash (preferred), or consider extending one of the following types with your repository: org.springframework.data.keyvalue.repository.KeyValueRepository
2026-01-12T10:36:44.290+08:00  INFO 28534 --- [NexRailAI] [restartedMain] .RepositoryConfigurationExtensionSupport : Spring Data Redis - Could not safely identify store assignment for repository candidate interface com.next.nexrailai.jpa.repository.SystemConfigRepository; If you want this repository to be a Redis repository, consider annotating your entities with one of these annotations: org.springframework.data.redis.core.RedisHash (preferred), or consider extending one of the following types with your repository: org.springframework.data.keyvalue.repository.KeyValueRepository
2026-01-12T10:36:44.290+08:00  INFO 28534 --- [NexRailAI] [restartedMain] .RepositoryConfigurationExtensionSupport : Spring Data Redis - Could not safely identify store assignment for repository candidate interface com.next.nexrailai.jpa.repository.UserMemoryRepository; If you want this repository to be a Redis repository, consider annotating your entities with one of these annotations: org.springframework.data.redis.core.RedisHash (preferred), or consider extending one of the following types with your repository: org.springframework.data.keyvalue.repository.KeyValueRepository
2026-01-12T10:36:44.290+08:00  INFO 28534 --- [NexRailAI] [restartedMain] .s.d.r.c.RepositoryConfigurationDelegate : Finished Spring Data repository scanning in 4 ms. Found 0 Redis repository interfaces.
2026-01-12T10:36:44.330+08:00  INFO 28534 --- [NexRailAI] [restartedMain] o.s.b.w.embedded.tomcat.TomcatWebServer  : Tomcat initialized with port 8089 (http)
2026-01-12T10:36:44.330+08:00  INFO 28534 --- [NexRailAI] [restartedMain] o.apache.catalina.core.StandardService   : Starting service [Tomcat]
2026-01-12T10:36:44.330+08:00  INFO 28534 --- [NexRailAI] [restartedMain] o.apache.catalina.core.StandardEngine    : Starting Servlet engine: [Apache Tomcat/10.1.50]
2026-01-12T10:36:44.345+08:00  INFO 28534 --- [NexRailAI] [restartedMain] o.a.c.c.C.[Tomcat].[localhost].[/]       : Initializing Spring embedded WebApplicationContext
2026-01-12T10:36:44.345+08:00  INFO 28534 --- [NexRailAI] [restartedMain] w.s.c.ServletWebServerApplicationContext : Root WebApplicationContext: initialization completed in 190 ms
2026-01-12T10:36:44.351+08:00  WARN 28534 --- [NexRailAI] [restartedMain] .s.a.m.c.c.a.ChatClientAutoConfiguration : You have enabled logging out the ChatClient completion content with the risk of exposing sensitive or private information. Please, be careful!
2026-01-12T10:36:44.367+08:00  INFO 28534 --- [NexRailAI] [restartedMain] com.zaxxer.hikari.HikariDataSource       : HikariPool-7 - Starting...
2026-01-12T10:36:44.384+08:00  INFO 28534 --- [NexRailAI] [restartedMain] com.zaxxer.hikari.pool.HikariPool        : HikariPool-7 - Added connection org.postgresql.jdbc.PgConnection@5371edcc
2026-01-12T10:36:44.384+08:00  INFO 28534 --- [NexRailAI] [restartedMain] com.zaxxer.hikari.HikariDataSource       : HikariPool-7 - Start completed.
2026-01-12T10:36:44.393+08:00  INFO 28534 --- [NexRailAI] [restartedMain] o.hibernate.jpa.internal.util.LogHelper  : HHH000204: Processing PersistenceUnitInfo [name: default]
2026-01-12T10:36:44.394+08:00  INFO 28534 --- [NexRailAI] [restartedMain] o.h.c.internal.RegionFactoryInitiator    : HHH000026: Second-level cache disabled
2026-01-12T10:36:44.396+08:00  INFO 28534 --- [NexRailAI] [restartedMain] o.s.o.j.p.SpringPersistenceUnitInfo      : No LoadTimeWeaver setup: ignoring JPA class transformer
2026-01-12T10:36:44.401+08:00  INFO 28534 --- [NexRailAI] [restartedMain] org.hibernate.orm.connections.pooling    : HHH10001005: Database info:
	Database JDBC URL [Connecting through datasource 'HikariDataSource (HikariPool-7)']
	Database driver: undefined/unknown
	Database version: 15.15
	Autocommit mode: undefined/unknown
	Isolation level: undefined/unknown
	Minimum pool size: undefined/unknown
	Maximum pool size: undefined/unknown
2026-01-12T10:36:44.458+08:00  INFO 28534 --- [NexRailAI] [restartedMain] o.h.e.t.j.p.i.JtaPlatformInitiator       : HHH000489: No JTA platform available (set 'hibernate.transaction.jta.platform' to enable JTA platform integration)
2026-01-12T10:36:44.478+08:00  INFO 28534 --- [NexRailAI] [restartedMain] j.LocalContainerEntityManagerFactoryBean : Initialized JPA EntityManagerFactory for persistence unit 'default'
2026-01-12T10:36:44.530+08:00  INFO 28534 --- [NexRailAI] [restartedMain] c.n.n.service.SystemConfigService        : >>>> [SystemConfig] 初始化系統參數...
2026-01-12T10:36:44.560+08:00  INFO 28534 --- [NexRailAI] [restartedMain] eAuthenticationProviderManagerConfigurer : Global AuthenticationManager configured with AuthenticationProvider bean with name authenticationProvider
2026-01-12T10:36:44.560+08:00  WARN 28534 --- [NexRailAI] [restartedMain] r$InitializeUserDetailsManagerConfigurer : Global AuthenticationManager configured with an AuthenticationProvider bean. UserDetailsService beans will not be used by Spring Security for automatically configuring username/password login. Consider removing the AuthenticationProvider bean. Alternatively, consider using the UserDetailsService in a manually instantiated DaoAuthenticationProvider. If the current configuration is intentional, to turn off this warning, increase the logging level of 'org.springframework.security.config.annotation.authentication.configuration.InitializeUserDetailsBeanManagerConfigurer' to ERROR
2026-01-12T10:36:44.590+08:00  WARN 28534 --- [NexRailAI] [restartedMain] JpaBaseConfiguration$JpaWebConfiguration : spring.jpa.open-in-view is enabled by default. Therefore, database queries may be performed during view rendering. Explicitly configure spring.jpa.open-in-view to disable this warning
2026-01-12T10:36:44.632+08:00  INFO 28534 --- [NexRailAI] [restartedMain] o.s.b.a.e.web.EndpointLinksResolver      : Exposing 1 endpoint beneath base path '/actuator'
2026-01-12T10:36:44.711+08:00  INFO 28534 --- [NexRailAI] [restartedMain] o.s.b.d.a.OptionalLiveReloadServer       : LiveReload server is running on port 35729
2026-01-12T10:36:44.719+08:00  INFO 28534 --- [NexRailAI] [restartedMain] o.s.b.w.embedded.tomcat.TomcatWebServer  : Tomcat started on port 8089 (http) with context path '/'
2026-01-12T10:36:44.728+08:00  INFO 28534 --- [NexRailAI] [restartedMain] c.l.b.s.b.h.s.LineMessageHandlerSupport  : Registered LINE Messaging API event handler: count = 4
2026-01-12T10:36:44.728+08:00  INFO 28534 --- [NexRailAI] [restartedMain] c.l.b.s.b.h.s.LineMessageHandlerSupport  : Mapped "[EventArgumentResolver{klass=class com.linecorp.bot.webhook.model.MessageEvent}]" onto public void com.next.nexrailai.handler.LineBotMessageHandler.handleTextMessageEvent(com.linecorp.bot.webhook.model.MessageEvent)
2026-01-12T10:36:44.728+08:00  INFO 28534 --- [NexRailAI] [restartedMain] c.l.b.s.b.h.s.LineMessageHandlerSupport  : Mapped "[EventArgumentResolver{klass=class com.linecorp.bot.webhook.model.PostbackEvent}]" onto public void com.next.nexrailai.handler.LineBotMessageHandler.handlePostbackEvent(com.linecorp.bot.webhook.model.PostbackEvent)
2026-01-12T10:36:44.728+08:00  INFO 28534 --- [NexRailAI] [restartedMain] c.l.b.s.b.h.s.LineMessageHandlerSupport  : Mapped "[EventArgumentResolver{klass=class com.linecorp.bot.webhook.model.FollowEvent}]" onto public void com.next.nexrailai.handler.LineBotMessageHandler.handleFollowEvent(com.linecorp.bot.webhook.model.FollowEvent)
2026-01-12T10:36:44.728+08:00  INFO 28534 --- [NexRailAI] [restartedMain] c.l.b.s.b.h.s.LineMessageHandlerSupport  : Mapped "[EventArgumentResolver{klass=class com.linecorp.bot.webhook.model.UnfollowEvent}]" onto public void com.next.nexrailai.handler.LineBotMessageHandler.handleUnfollowEvent(com.linecorp.bot.webhook.model.UnfollowEvent)
2026-01-12T10:36:44.728+08:00  INFO 28534 --- [NexRailAI] [restartedMain] c.next.nexrailai.NexRailAiApplication    : Started NexRailAiApplication in 0.77 seconds (process running for 2079.913)
2026-01-12T10:36:44.732+08:00  INFO 28534 --- [NexRailAI] [restartedMain] .ConditionEvaluationDeltaLoggingListener : Condition evaluation unchanged
2026-01-12T10:36:44.742+08:00  INFO 28534 --- [NexRailAI] [scheduling-1] c.next.nexrailai.scheduled.CacheMonitor  : ===== Cache 統計 =====
2026-01-12T10:36:44.742+08:00  INFO 28534 --- [NexRailAI] [scheduling-1] c.next.nexrailai.scheduled.CacheMonitor  : 時刻表 Cache 數量: 0
2026-01-12T10:36:44.742+08:00  INFO 28534 --- [NexRailAI] [scheduling-1] c.next.nexrailai.scheduled.CacheMonitor  : 票價 Cache 數量: 3
2026-01-12T10:36:44.742+08:00  INFO 28534 --- [NexRailAI] [scheduling-1] c.next.nexrailai.scheduled.CacheMonitor  : =====================
2026-01-12T10:41:44.741+08:00  INFO 28534 --- [NexRailAI] [scheduling-1] c.next.nexrailai.scheduled.CacheMonitor  : ===== Cache 統計 =====
2026-01-12T10:41:44.743+08:00  INFO 28534 --- [NexRailAI] [scheduling-1] c.next.nexrailai.scheduled.CacheMonitor  : 時刻表 Cache 數量: 0
2026-01-12T10:41:44.743+08:00  INFO 28534 --- [NexRailAI] [scheduling-1] c.next.nexrailai.scheduled.CacheMonitor  : 票價 Cache 數量: 3
2026-01-12T10:41:44.744+08:00  INFO 28534 --- [NexRailAI] [scheduling-1] c.next.nexrailai.scheduled.CacheMonitor  : =====================
2026-01-12T10:46:44.744+08:00  INFO 28534 --- [NexRailAI] [scheduling-1] c.next.nexrailai.scheduled.CacheMonitor  : ===== Cache 統計 =====
2026-01-12T10:46:44.745+08:00  INFO 28534 --- [NexRailAI] [scheduling-1] c.next.nexrailai.scheduled.CacheMonitor  : 時刻表 Cache 數量: 0
2026-01-12T10:46:44.745+08:00  INFO 28534 --- [NexRailAI] [scheduling-1] c.next.nexrailai.scheduled.CacheMonitor  : 票價 Cache 數量: 3
2026-01-12T10:46:44.745+08:00  INFO 28534 --- [NexRailAI] [scheduling-1] c.next.nexrailai.scheduled.CacheMonitor  : =====================
2026-01-12T10:51:44.741+08:00  INFO 28534 --- [NexRailAI] [scheduling-1] c.next.nexrailai.scheduled.CacheMonitor  : ===== Cache 統計 =====
2026-01-12T10:51:44.741+08:00  INFO 28534 --- [NexRailAI] [scheduling-1] c.next.nexrailai.scheduled.CacheMonitor  : 時刻表 Cache 數量: 0
2026-01-12T10:51:44.741+08:00  INFO 28534 --- [NexRailAI] [scheduling-1] c.next.nexrailai.scheduled.CacheMonitor  : 票價 Cache 數量: 3
2026-01-12T10:51:44.741+08:00  INFO 28534 --- [NexRailAI] [scheduling-1] c.next.nexrailai.scheduled.CacheMonitor  : =====================
